timestamp,question,title,category,section,type,score,confidence,confidence_label,source,fallback,fallback_message,escalation_ready,reply,error
2026-04-23T19:35:11,opening,Aeon Roadshow Opening List,,Devices,sop,0.5,,,lexical_fallback_best_step,,,False,Please refer to Step 13 for Aeon Roadshow Opening List.,
2026-04-23T19:36:11,opening,Aeon Roadshow Opening List,,Devices,sop,0.5,,,lexical_fallback_best_step,,,False,Please refer to Step 13 for Aeon Roadshow Opening List.,
2026-04-23T19:36:20,aeon,Aeon Roadshow Closing List,,,text,0.5387727618217468,,,pytorch_model_section_choice,,,False,"I found Aeon Roadshow Closing List. Available sections: Stocktake, Settlement, Devices, Chiller, Display Closing.",
2026-04-23T19:36:26,Stocktake,Aeon Roadshow Closing List,,Stocktake,sop,1.0,,,context_section,,,False,Here is the Stocktake section for Aeon Roadshow Closing List.,
2026-04-23T19:42:28,sop,,,,text,0.0,,,low_confidence_or_model_unavailable,,,True,No confident SOP match. Please escalate to team lead.,
2026-04-23T19:44:55,sop,,,,text,0.0,,,low_confidence_or_model_unavailable,,,True,No confident SOP match. Please escalate to team lead.,
2026-04-23T19:45:03,sop,,,,text,0.0,,,low_confidence_or_model_unavailable,,,True,No confident SOP match. Please escalate to team lead.,
2026-04-23T19:45:15,sop,,,,text,0.0,,,low_confidence_or_model_unavailable,,,True,No confident SOP match. Please escalate to team lead.,
2026-04-23T19:47:03,sop,,,,text,0.0,,,low_confidence_or_model_unavailable,,,True,No confident SOP match. Please escalate to team lead.,
2026-04-23T19:47:07,aeon,Aeon Roadshow Closing List,,,text,0.5387727618217468,,,pytorch_model_section_choice,,,False,"I found Aeon Roadshow Closing List. Available sections: Stocktake, Settlement, Devices, Chiller, Display Closing.",
2026-04-23T19:47:15,SOP,Aeon Roadshow Closing List,,,text,1.0,,,context_section_choice,,,False,"I found Aeon Roadshow Closing List. Available sections: Stocktake, Settlement, Devices, Chiller, Display Closing.",
2026-04-23T19:47:33,aeon closing list,Aeon Roadshow Closing List,,,sop,0.9673888683319092,,,pytorch_model_high_best_step,,,False,Please refer to Step 17 for Aeon Roadshow Closing List.,
2026-04-23T19:47:41,all step,Aeon Roadshow Closing List,,,sop,1.0,,,context_full_sop,,,False,Here is the full SOP for Aeon Roadshow Closing List.,
2026-04-23T21:27:56,s,,,,text,0.0,,,low_confidence_or_model_unavailable,,,True,No confident SOP match. Please escalate to team lead.,
2026-04-23T21:27:57,sop,,,,text,0.0,,,low_confidence_or_model_unavailable,,,True,No confident SOP match. Please escalate to team lead.,
2026-04-23T21:28:28,sop,,,,text,0.0,,,low_confidence_or_model_unavailable,,,True,No confident SOP match. Please escalate to team lead.,
2026-04-23T21:28:33,opening,Aeon Roadshow Opening List,,Devices,sop,0.5,,,lexical_fallback_best_step,,,False,Please refer to Step 13 for Aeon Roadshow Opening List.,
2026-04-24T19:40:49,aeon sop,,,,text,0.0,,,low_confidence_or_model_unavailable,,,True,No confident SOP match. Please escalate to team lead.,
2026-04-24T19:40:57,aeon closing,Aeon Roadshow Closing List,,Display Closing,sop,0.8500487804412842,,,pytorch_model_high_best_step,,,False,Please refer to Step 13 for Aeon Roadshow Closing List.,
2026-04-24T19:41:11,aeon closing all list,Aeon Roadshow Closing List,,,sop,0.9672214388847351,,,pytorch_model_high_best_step,,,False,Please refer to Step 17 for Aeon Roadshow Closing List.,
2026-04-24T19:41:15,all step,Aeon Roadshow Closing List,,,sop,1.0,,,context_full_sop,,,False,Here is the full SOP for Aeon Roadshow Closing List.,
2026-04-24T20:24:15,sop,,,,text,0.0,,,low_confidence_or_model_unavailable,,,True,No confident SOP match. Please escalate to team lead.,
2026-04-24T20:24:23,closing list,,,,text,1.0,,,ambiguous_family,,,False,"Which SOP do you need:
- Aeon Roadshow Closing List
- Closing Spring Warehouse
- Ice Bin Daily Closing Checklist
- Kiosk Closing Check List
- Kuching Booth Closing dustbin check list
- Shopify POS app Closing
- Spring Roadshow Closing List
Please choose one.",
2026-04-24T20:24:54,spring closing,,,,text,1.0,,,ambiguous_family,,,False,"Which SOP do you need:
- Aeon Roadshow Closing List
- Closing Spring Warehouse
- Ice Bin Daily Closing Checklist
- Kiosk Closing Check List
- Kuching Booth Closing dustbin check list
- Shopify POS app Closing
- Spring Roadshow Closing List
Please choose one.",
2026-04-24T20:25:55,opening list,,,,text,1.0,,,ambiguous_family,,,False,"Which SOP do you need:
- Aeon Roadshow Opening List
- Backend Opening Checklist
- JHKC Kiosk Opening
- Opening Notes
- Receipt printer preparation for opening
- Shopify POS app Opening
- Spring Roadshow Opening List
Please choose one.",
2026-04-24T20:26:07,shopify pos app opening,Shopify POS app Opening,,,sop,1.0,,,rule_alias_best_step,,,False,Please refer to Step 2 for Shopify POS app Opening.,
2026-04-24T20:26:10,all step,Shopify POS app Opening,,,sop,1.0,,,context_full_sop,,,False,Here is the full SOP for Shopify POS app Opening.,
2026-04-24T20:26:20,Spring Roadshow Opening List,Spring Roadshow Opening List,,Shopify POS,sop,1.0,,,rule_alias_best_step,,,False,Please refer to Step 16 for Spring Roadshow Opening List.,
2026-04-24T20:26:24,all step,Spring Roadshow Opening List,,,sop,1.0,,,context_full_sop,,,False,Here is the full SOP for Spring Roadshow Opening List.,
2026-04-24T20:28:00,babi,Spring Roadshow Opening List,,,text,1.0,,,context_section_choice,,,False,"I found Spring Roadshow Opening List. Available sections:
- Terminal Machine
- Chiller
- Devices
- Shopify POS
- Daily Record Sheet",
2026-04-24T20:28:07,babi,Spring Roadshow Opening List,,,text,1.0,,,context_section_choice,,,False,"I found Spring Roadshow Opening List. Available sections:
- Terminal Machine
- Chiller
- Devices
- Shopify POS
- Daily Record Sheet",
2026-04-24T20:28:15,kontol,Spring Roadshow Opening List,,,text,1.0,,,context_section_choice,,,False,"I found Spring Roadshow Opening List. Available sections:
- Terminal Machine
- Chiller
- Devices
- Shopify POS
- Daily Record Sheet",
2026-04-24T20:28:23,bacot,Spring Roadshow Opening List,,,text,1.0,,,context_section_choice,,,False,"I found Spring Roadshow Opening List. Available sections:
- Terminal Machine
- Chiller
- Devices
- Shopify POS
- Daily Record Sheet",
2026-04-24T20:28:28,next,Spring Roadshow Opening List,,,text,1.0,,,context_section_choice,,,False,"I found Spring Roadshow Opening List. Available sections:
- Terminal Machine
- Chiller
- Devices
- Shopify POS
- Daily Record Sheet",
2026-04-24T20:29:07,Daily Record Sheet,Spring Roadshow Opening List,,Daily Record Sheet,sop,1.0,,,context_section,,,False,Here is the Daily Record Sheet section for Spring Roadshow Opening List.,
2026-04-24T20:29:14,I want all step,Spring Roadshow Opening List,,,sop,1.0,,,context_full_sop,,,False,Here is the full SOP for Spring Roadshow Opening List.,
2026-04-24T20:29:51,Mask and Badge,Mask and Badge,,Reference Image,sop,1.0,,,rule_alias_best_step,,,False,Please refer to Step 2 for Mask and Badge.,
2026-04-24T20:29:56,all step,Mask and Badge,,,sop,1.0,,,context_full_sop,,,False,Here is the full SOP for Mask and Badge.,
2026-04-24T20:31:00,all step,Mask and Badge,,,sop,1.0,,,context_full_sop,,,False,Here is the full SOP for Mask and Badge.,
2026-04-24T20:31:30,Mask and Badge,Mask and Badge,,Reference Image,sop,1.0,,,rule_alias_best_step,,,False,Please refer to Step 2 for Mask and Badge.,
2026-04-25T17:43:51,hi,,,,text,1.0,,,greeting_guidance,,,False,"Hi — I can help with SOP, checklist, promotion, product knowledge, notice, or training questions.

You can ask things like:
- kiosk opening
- roadshow closing
- show all for kiosk opening
- step 2 to step 5
- promotion
- public holiday
- new bee 1st day
- golden passion honey",
2026-04-25T17:44:00,al,,,,text,0.35,,,clarification_round_1,,,False,"I’m not fully sure which topic you want yet.

Please choose one area:
- SOP / checklist
- Promotion
- Product knowledge
- Notice / latest update
- Training / onboarding

Examples:
- kiosk opening
- roadshow closing
- promotion
- public holiday
- new bee 1st day",
2026-04-25T17:44:05,all,,,,text,0.15,,,escalate_after_two_unclear_attempts,,,True,I’m still not fully sure which topic you need. Please escalate this question to team lead.,
2026-04-25T17:44:15,what i can ask?,,,,text,0.15,,,escalate_after_two_unclear_attempts,,,True,I’m still not fully sure which topic you need. Please escalate this question to team lead.,
2026-04-25T17:44:25,opening,,,,text,0.81,,,ambiguous_title_choice,,,False,"I found multiple SOPs. Which one do you need?

- Aeon Roadshow Opening List
- Backend Opening Checklist
- JHKC Kiosk Opening
- Opening Notes
- Receipt printer preparation for opening
- Shopify POS app Opening
- Spring Roadshow Opening List

You can also ask:
- show all
- step 3
- step 2 to step 5
- stocktake section
- show picture",
2026-04-25T17:45:42,How to do JHKC kiosk opening?,JHKC Kiosk Opening,,,text,1.0,,,matched_title_guidance,,,False,"I found JHKC Kiosk Opening.

You can ask:
- step 3
- step 2 to step 5
- show picture
- show all",
2026-04-25T17:45:49,Show me JHKC Kiosk Opening steps.,JHKC Kiosk Opening,,,text,0.78,,,context_guidance,,,False,"I’m currently helping you with JHKC Kiosk Opening.
Tell me what you need next — for example:
- step 3
- step 2 to step 5
- stocktake section
- show picture
- show all

If you want another topic, just type it directly, like promotion or public holiday.",
2026-04-25T17:45:55,all step,JHKC Kiosk Opening,,,sop,0.95,,,context_show_all,,,False,Here is the full SOP / checklist for JHKC Kiosk Opening.,
2026-04-25T17:45:59,What should I do when opening the kiosk?,JHKC Kiosk Opening,,,text,1.0,,,matched_title_guidance,,,False,"I found JHKC Kiosk Opening.

You can ask:
- step 3
- step 2 to step 5
- show picture
- show all",
2026-04-25T17:46:15,Show me all SOP.,JHKC Kiosk Opening,,,text,0.78,,,context_guidance,,,False,"I’m currently helping you with JHKC Kiosk Opening.
Tell me what you need next — for example:
- step 3
- step 2 to step 5
- stocktake section
- show picture
- show all

If you want another topic, just type it directly, like promotion or public holiday.",
2026-04-25T17:46:21,Show me all SOP.,JHKC Kiosk Opening,,,text,0.78,,,context_guidance,,,False,"I’m currently helping you with JHKC Kiosk Opening.
Tell me what you need next — for example:
- step 3
- step 2 to step 5
- stocktake section
- show picture
- show all

If you want another topic, just type it directly, like promotion or public holiday.",
2026-04-25T17:46:25,What SOP do you have?,JHKC Kiosk Opening,,,text,0.78,,,context_guidance,,,False,"I’m currently helping you with JHKC Kiosk Opening.
Tell me what you need next — for example:
- step 3
- step 2 to step 5
- stocktake section
- show picture
- show all

If you want another topic, just type it directly, like promotion or public holiday.",
2026-04-25T17:46:29,Show me product knowledge.,,,,text,0.92,,,generic_product,,,False,"Sure — I can help with product knowledge.

Please choose one:
- Golden Passion Honey (New Product)
- Price for new packaging for HWJ and SHVP
- What is the best answer for client asking how much Honey we are using for our honey Juice?",
2026-04-25T17:46:36,What product information can you answer?,,,,text,0.92,,,generic_product,,,False,"Sure — I can help with product knowledge.

Please choose one:
- Golden Passion Honey (New Product)
- Price for new packaging for HWJ and SHVP
- What is the best answer for client asking how much Honey we are using for our honey Juice?",
2026-04-25T17:46:46,Show me sales information.,Sales Closing Reminders Material,,,text,0.76,,,matched_title_guidance,,,False,"I found Sales Closing Reminders Material. Available sections: Sales Closing Reminders.

You can ask:
- step 3
- step 2 to step 5
- show picture
- show all",
2026-04-25T17:46:54,What sales guide do you have?,,,,text,0.76,,,ambiguous_title_choice,,,False,"I found these notice topics. Which one do you need?

- Emergency Guide – Responding to Danger or Harassment
- Sales Closing Reminders Material
- Win the Heart Gift Guide",
2026-04-25T17:47:02,Show me training checklist.,,,,text,0.76,,,ambiguous_title_choice,,,False,"I found multiple SOPs. Which one do you need?

- Backend Opening Checklist
- Kuching Booth Closing dustbin check list
- Wanna-Bee onboarding Check list

You can also ask:
- show all
- step 3
- step 2 to step 5
- stocktake section
- show picture",
2026-04-25T17:47:10,What onboarding checklist do you have?,Wanna-Bee onboarding Check list,,,text,1.0,,,matched_title_guidance,,,False,"I found Wanna-Bee onboarding Check list. Available sections: Add Team Leader contact, Announcement, Availability, Before first day, Download and install, Ground rules, Join Google Group, Join Whatsapp group, Payment info, Portrait, Reminder, Setup Shopify account, Uniform, Visit Jungle House Kuching Wiki.

You can ask:
- step 3
- step 2 to step 5
- show picture
- show all",
2026-04-25T17:47:16,Show me public holiday information.,PUBLIC HOLIDAY 2026,,,text,0.96,,,matched_text_topic,,,False,Sure — here’s the information for PUBLIC HOLIDAY 2026.,
2026-04-25T17:47:28,What policy can you explain?,PUBLIC HOLIDAY 2026,,,text,0.78,,,context_guidance,,,False,"I’m currently helping you with PUBLIC HOLIDAY 2026.
Tell me what you need next — for example:
- step 3
- step 2 to step 5
- stocktake section
- show picture
- show all

If you want another topic, just type it directly, like promotion or public holiday.",
2026-04-25T17:47:45,Still don’t know.,PUBLIC HOLIDAY 2026,,,text,0.78,,,context_guidance,,,False,"I’m currently helping you with PUBLIC HOLIDAY 2026.
Tell me what you need next — for example:
- step 3
- step 2 to step 5
- stocktake section
- show picture
- show all

If you want another topic, just type it directly, like promotion or public holiday.",
2026-04-25T17:47:51,I don’t know what to do.,PUBLIC HOLIDAY 2026,,,text,0.78,,,context_guidance,,,False,"I’m currently helping you with PUBLIC HOLIDAY 2026.
Tell me what you need next — for example:
- step 3
- step 2 to step 5
- stocktake section
- show picture
- show all

If you want another topic, just type it directly, like promotion or public holiday.",
2026-04-25T17:47:58,What should new staff do on the first day?,New Bee 1st day Check List,,,text,1.0,,,matched_title_guidance,,,False,"I found New Bee 1st day Check List.

You can ask:
- step 3
- step 2 to step 5
- show picture
- show all",
2026-04-25T17:49:15,Show me JHKC Kiosk Opening with images.,New Bee 1st day Check List,,,sop,0.95,,,context_picture,,,False,Here are the steps with pictures for New Bee 1st day Check List.,
2026-04-25T17:49:27,Does JHKC Kiosk Opening have images?,New Bee 1st day Check List,,,sop,0.95,,,context_picture,,,False,Here are the steps with pictures for New Bee 1st day Check List.,
2026-04-25T17:49:36,"I need to open the shop, what should I do?",,,,text,0.76,,,ambiguous_title_choice,,,False,"I found multiple SOPs. Which one do you need?

- Aeon Roadshow Opening List
- Backend Opening Checklist
- Fake Jungle House
- JHKC Kiosk Opening
- Opening Notes
- Spring Roadshow Opening List

You can also ask:
- show all
- step 3
- step 2 to step 5
- stocktake section
- show picture",
2026-04-25T17:49:43,"I am closing now, what do I need to check?",,,,text,0.81,,,ambiguous_title_choice,,,False,"I found multiple SOPs. Which one do you need?

- Aeon Roadshow Closing List
- Closing Spring Warehouse
- Kiosk Closing Check List
- Kuching Booth Closing dustbin check list
- Sales Closing Reminders Material
- Shopify POS app Closing
- Spring Roadshow Closing List

You can also ask:
- show all
- step 3
- step 2 to step 5
- stocktake section
- show picture",
2026-04-25T17:49:50,How do I prepare before customers arrive?,Receipt printer preparation for opening,,,text,0.76,,,matched_title_guidance,,,False,"I found Receipt printer preparation for opening. Available sections: Test Print.

You can ask:
- step 3
- step 2 to step 5
- show picture
- show all",
2026-04-25T17:50:02,What should I do at the end of the day?,,,,text,0.76,,,ambiguous_title_choice,,,False,"I found these training topics. Which one do you need?

- New Bee 1st day Check List
- New Bee 3rd day Check List",
2026-04-25T17:50:11,I forgot the opening process.,,,,text,0.81,,,ambiguous_title_choice,,,False,"I found multiple SOPs. Which one do you need?

- Aeon Roadshow Opening List
- Backend Opening Checklist
- JHKC Kiosk Opening
- Opening Notes
- Receipt printer preparation for opening
- Shopify POS app Opening
- Spring Roadshow Opening List

You can also ask:
- show all
- step 3
- step 2 to step 5
- stocktake section
- show picture",
2026-04-25T17:50:16,I forgot how to close POS.,,,,text,0.76,,,ambiguous_title_choice,,,False,"I found multiple SOPs. Which one do you need?

- Aeon Roadshow Closing List
- Closing Spring Warehouse
- Kiosk Closing Check List
- Shopify POS app Closing
- Spring Roadshow Closing List

You can also ask:
- show all
- step 3
- step 2 to step 5
- stocktake section
- show picture",
2026-04-25T17:50:20,What do I need to clean before going home?,Receipt printer preparation for opening,,,text,0.78,,,context_guidance,,,False,"I’m currently helping you with Receipt printer preparation for opening.
Tell me what you need next — for example:
- step 3
- step 2 to step 5
- stocktake section
- show picture
- show all

If you want another topic, just type it directly, like promotion or public holiday.",
2026-04-25T17:50:29,What should I do if I am assigned to Spring Roadshow?,Spring Roadshow Opening List,,,text,1.0,,,matched_title_guidance,,,False,"I found Spring Roadshow Opening List. Available sections: Chiller, Daily Record Sheet, Devices, Shopify POS, Terminal Machine.

You can ask:
- step 3
- step 2 to step 5
- show picture
- show all",
2026-04-25T17:50:41,I have a problem.,Spring Roadshow Opening List,,,text,0.78,,,context_guidance,,,False,"I’m currently helping you with Spring Roadshow Opening List.
Tell me what you need next — for example:
- step 3
- step 2 to step 5
- stocktake section
- show picture
- show all

If you want another topic, just type it directly, like promotion or public holiday.",
2026-04-25T17:51:28,How to do opning?,Spring Roadshow Opening List,,,text,0.78,,,context_guidance,,,False,"I’m currently helping you with Spring Roadshow Opening List.
Tell me what you need next — for example:
- step 3
- step 2 to step 5
- stocktake section
- show picture
- show all

If you want another topic, just type it directly, like promotion or public holiday.",
2026-04-25T18:11:15,How to do JHKC kiosk opening?,JHKC Kiosk Opening,,,sop,1.0,,,matched_title_default_steps,,,False,Here is the full SOP / checklist for JHKC Kiosk Opening.,
2026-04-25T18:11:19,Show me JHKC Kiosk Opening with images.,JHKC Kiosk Opening,,,sop,0.95,,,context_picture,,,False,Here are the steps with pictures for JHKC Kiosk Opening.,
2026-04-25T18:11:24,Show me step 3 image for JHKC Kiosk Opening.,JHKC Kiosk Opening,,,sop,0.96,,,context_step,,,False,Got it — this is Step 3 for JHKC Kiosk Opening.,
2026-04-25T18:11:29,How to close Shopify POS?,Shopify POS app Closing,,,sop,0.96,,,matched_title_default_steps,,,False,Here is the full SOP / checklist for Shopify POS app Closing.,
2026-04-25T18:11:37,How to prepare recipt printer?,Receipt printer preparation for opening,,,sop,0.96,,,matched_title_default_steps,,,False,Here is the full SOP / checklist for Receipt printer preparation for opening.,
2026-04-25T18:11:42,Show me promosion.,Promotion,,,text,0.96,,,matched_text_topic,,,False,Sure — here’s the information for Promotion.,
2026-04-25T18:11:51,help me,,,,text,0.35,,,clarification_round_1,,,False,"I’m not fully sure which topic you want yet.

Please choose one area:
- SOP / checklist
- Promotion
- Product knowledge
- Notice / latest update
- Training / onboarding

Examples:
- kiosk opening
- roadshow closing
- promotion
- public holiday
- new bee 1st day",
2026-04-25T18:11:58,still don't know,,,,text,0.15,,,escalate_after_two_unclear_attempts,,,True,I’m still not fully sure which topic you need. Please escalate this question to team lead.,
2026-04-25T18:12:13,I don’t know what to do.,,,,text,0.15,,,escalate_after_two_unclear_attempts,,,True,I’m still not fully sure which topic you need. Please escalate this question to team lead.,
2026-04-25T18:12:18,What is this?,,,,text,0.15,,,escalate_after_two_unclear_attempts,,,True,I’m still not fully sure which topic you need. Please escalate this question to team lead.,
2026-04-25T18:12:22,The thing cannot work.,,,,text,0.92,,,generic_notice,,,False,"Sure — I can help with notices and updates.

Please choose one:
- Bee Point Policy – Crew Member Guideline
- Bee Points: Redeem Only When Needed
- Can not use KB/QB IDs to check customer history
- Cashless
- Customer signature for card payment
- Do not Block The Chiller
- Do not open raw honey tester without permission.
- Eating inside the store is strictly prohibited
- Emergency Guide – Responding to Danger or Harassment
- Fake Jungle House
- Free wooden stirrer
- Hari Raya Aidilfitri Public Holiday – Retail (2026)
- Hari Raya Aidilfitri – Dress Code
- How shifts arrangements are given
- Hygiene Compliance Notice – Juice Making (Effective Immediately)
- Kuching incentive data submission
- Lab Report in Website - temporarily removed
- Mask and Badge
- Morning Shift Attendance Responsibility & Penalty Notice
- OT Submission Reminder
- PUBLIC HOLIDAY 2026
- Place Tissue on Cold drinks
- Proper way to stack HDPC
- Purple lavender out of stock",
2026-04-25T18:12:31,I need help with something.,,,,text,0.15,,,escalate_after_two_unclear_attempts,,,True,I’m still not fully sure which topic you need. Please escalate this question to team lead.,
2026-04-25T18:12:35,What should I press?,,,,text,0.15,,,escalate_after_two_unclear_attempts,,,True,I’m still not fully sure which topic you need. Please escalate this question to team lead.,
2026-04-25T18:12:40,I cannot find it.,,,,text,0.92,,,generic_notice,,,False,"Sure — I can help with notices and updates.

Please choose one:
- Bee Point Policy – Crew Member Guideline
- Bee Points: Redeem Only When Needed
- Can not use KB/QB IDs to check customer history
- Cashless
- Customer signature for card payment
- Do not Block The Chiller
- Do not open raw honey tester without permission.
- Eating inside the store is strictly prohibited
- Emergency Guide – Responding to Danger or Harassment
- Fake Jungle House
- Free wooden stirrer
- Hari Raya Aidilfitri Public Holiday – Retail (2026)
- Hari Raya Aidilfitri – Dress Code
- How shifts arrangements are given
- Hygiene Compliance Notice – Juice Making (Effective Immediately)
- Kuching incentive data submission
- Lab Report in Website - temporarily removed
- Mask and Badge
- Morning Shift Attendance Responsibility & Penalty Notice
- OT Submission Reminder
- PUBLIC HOLIDAY 2026
- Place Tissue on Cold drinks
- Proper way to stack HDPC
- Purple lavender out of stock",
2026-04-25T18:13:10,Show me all SOP.,Fake Jungle House,,,text,0.72,,,matched_text_topic,,,False,Sure — here’s the information for Fake Jungle House.,
2026-04-25T18:13:14,Show me all SOP.,Fake Jungle House,,,text,0.72,,,matched_text_topic,,,False,Sure — here’s the information for Fake Jungle House.,
2026-04-25T18:13:20,Show me all SOP,Fake Jungle House,,,text,0.72,,,matched_text_topic,,,False,Sure — here’s the information for Fake Jungle House.,
2026-04-25T18:13:25,What SOP do you have?,Fake Jungle House,,,text,0.72,,,matched_text_topic,,,False,Sure — here’s the information for Fake Jungle House.,
2026-04-25T18:13:32,Show me product knowledge.,,,,text,0.92,,,generic_product,,,False,"Sure — I can help with product knowledge.

Please choose one:
- Golden Passion Honey (New Product)
- Price for new packaging for HWJ and SHVP
- What is the best answer for client asking how much Honey we are using for our honey Juice?",
2026-04-25T18:13:40,Show me all SOP.,Fake Jungle House,,,text,0.72,,,matched_text_topic,,,False,Sure — here’s the information for Fake Jungle House.,
2026-04-25T18:13:58,What SOP do you have?,Fake Jungle House,,,text,0.72,,,matched_text_topic,,,False,Sure — here’s the information for Fake Jungle House.,
2026-04-25T18:14:13,Show me sales information.,Sales Closing Reminders Material,,,sop,0.76,,,matched_title_default_steps,,,False,Here is the full SOP / checklist for Sales Closing Reminders Material.,
2026-04-25T18:14:37,What sales guide do you have?,,,,text,0.76,,,ambiguous_title_choice,,,False,"I found these notice topics. Which one do you need?

- Emergency Guide – Responding to Danger or Harassment
- Sales Closing Reminders Material
- Win the Heart Gift Guide",
2026-04-25T18:14:45,Show me training checklist.,,,,text,0.76,,,ambiguous_title_choice,,,False,"I found multiple SOPs. Which one do you need?

- Backend Opening Checklist
- Kuching Booth Closing dustbin check list
- Wanna-Bee onboarding Check list

You can also ask:
- show all
- step 3
- step 2 to step 5
- stocktake section
- show picture",
2026-04-25T18:14:50,What onboarding checklist do you have?,Wanna-Bee onboarding Check list,,,sop,1.0,,,matched_title_default_steps,,,False,Here is the full SOP / checklist for Wanna-Bee onboarding Check list.,
2026-04-25T18:14:56,Show me public holiday information.,PUBLIC HOLIDAY 2026,,,text,0.96,,,matched_text_topic,,,False,Sure — here’s the information for PUBLIC HOLIDAY 2026.,
2026-04-25T18:15:00,What policy can you explain?,PUBLIC HOLIDAY 2026,,,text,0.78,,,context_guidance,,,False,"I’m currently helping you with PUBLIC HOLIDAY 2026.
Tell me what you need next — for example:
- step 3
- step 2 to step 5
- stocktake section
- show picture
- show all

If you want another topic, just type it directly, like promotion or public holiday.",
2026-04-25T18:15:10,I have a problem.,PUBLIC HOLIDAY 2026,,,text,0.78,,,context_guidance,,,False,"I’m currently helping you with PUBLIC HOLIDAY 2026.
Tell me what you need next — for example:
- step 3
- step 2 to step 5
- stocktake section
- show picture
- show all

If you want another topic, just type it directly, like promotion or public holiday.",
2026-04-25T18:50:24,I don’t know what to do.,,,,text,0.35,,,clarification_round_1,,,False,"I’m not fully sure which topic you want yet.

Please choose one area:
- SOP / checklist
- Promotion
- Product knowledge
- Notice / latest update
- Training / onboarding

Examples:
- kiosk opening
- roadshow closing
- promotion
- public holiday
- new bee 1st day",
2026-04-25T18:50:34,Help me.,,,,text,0.15,,,escalate_after_two_unclear_attempts,,,True,I’m still not fully sure which topic you need. Please escalate this question to team lead.,
2026-04-25T18:50:39,What is this?,,,,text,0.15,,,escalate_after_two_unclear_attempts,,,True,I’m still not fully sure which topic you need. Please escalate this question to team lead.,
2026-04-25T18:50:43,Can you explain?,,,,text,0.15,,,escalate_after_two_unclear_attempts,,,True,I’m still not fully sure which topic you need. Please escalate this question to team lead.,
2026-04-25T18:50:48,I have a problem.,,,,text,0.15,,,escalate_after_two_unclear_attempts,,,True,I’m still not fully sure which topic you need. Please escalate this question to team lead.,
2026-04-25T18:50:52,Something is wrong.,,,,text,0.15,,,escalate_after_two_unclear_attempts,,,True,I’m still not fully sure which topic you need. Please escalate this question to team lead.,
2026-04-25T18:50:56,The thing cannot work.,,,,text,0.15,,,escalate_after_two_unclear_attempts,,,True,I’m still not fully sure which topic you need. Please escalate this question to team lead.,
2026-04-25T18:50:59,I need help with something.,,,,text,0.15,,,escalate_after_two_unclear_attempts,,,True,I’m still not fully sure which topic you need. Please escalate this question to team lead.,
2026-04-25T18:51:04,What should I press?,,,,text,0.15,,,escalate_after_two_unclear_attempts,,,True,I’m still not fully sure which topic you need. Please escalate this question to team lead.,
2026-04-25T18:51:09,I cannot find it.,,,,text,0.15,,,escalate_after_two_unclear_attempts,,,True,I’m still not fully sure which topic you need. Please escalate this question to team lead.,
2026-04-25T18:51:28,I don’t know what to do.,,,,text,0.15,,,escalate_after_two_unclear_attempts,,,True,I’m still not fully sure which topic you need. Please escalate this question to team lead.,
2026-04-25T18:51:33,Still don’t know.,,,,text,0.15,,,escalate_after_two_unclear_attempts,,,True,I’m still not fully sure which topic you need. Please escalate this question to team lead.,
2026-04-25T18:51:48,How to do opning?,,,,text,0.81,,,ambiguous_title_choice,,,False,"I found multiple SOPs. Which one do you need?

- Aeon Roadshow Opening List
- Backend Opening Checklist
- JHKC Kiosk Opening
- Opening Notes
- Receipt printer preparation for opening
- Shopify POS app Opening
- Spring Roadshow Opening List

You can also ask:
- show all
- step 3
- step 2 to step 5
- stocktake section
- show picture",
2026-04-25T18:51:56,Show me kios opening.,JHKC Kiosk Opening,,,sop,1.0,,,matched_title_default_steps,,,False,Here is the full SOP / checklist for JHKC Kiosk Opening.,
2026-04-25T18:52:04,How to clsoing kiosk?,Kiosk Closing Check List,,,sop,1.0,,,matched_title_default_steps,,,False,Here is the full SOP / checklist for Kiosk Closing Check List.,
2026-04-25T18:52:09,Show me shopfy pos closing.,Shopify POS app Closing,,,sop,1.0,,,matched_title_default_steps,,,False,Here is the full SOP / checklist for Shopify POS app Closing.,
2026-04-25T18:52:14,How to prepare recipt printer?,Receipt printer preparation for opening,,,sop,0.96,,,matched_title_default_steps,,,False,Here is the full SOP / checklist for Receipt printer preparation for opening.,
2026-04-25T18:52:18,Show me ice ben closing.,Ice Bin Daily Closing Checklist,,,sop,1.0,,,matched_title_default_steps,,,False,Here is the full SOP / checklist for Ice Bin Daily Closing Checklist.,
2026-04-25T18:52:28,What is bee piont policy?,Bee Point Policy – Crew Member Guideline,,,text,0.96,,,matched_text_topic,,,False,Sure — here’s the information for Bee Point Policy – Crew Member Guideline.,
2026-04-25T18:52:34,Show me all SOP.,,,,text,0.92,,,generic_sop,,,False,"Sure — I can help with SOP / checklist questions.

Please choose one:
- Aeon Roadshow Closing List
- Aeon Roadshow Opening List
- Backend Opening Checklist
- Closing Spring Warehouse
- Ice Bin Daily Closing Checklist
- JHKC Kiosk Opening
- Kiosk Closing Check List
- Kuching Booth Closing dustbin check list
- Opening Notes
- Receipt printer preparation for opening
- Sales Closing Reminders Material
- Shopify POS app Closing
- Shopify POS app Opening
- Spring Roadshow Closing List
- Spring Roadshow Opening List

You can also ask:
- show all
- step 3
- step 2 to step 5
- stocktake section
- show picture",
2026-04-25T18:52:43,What SOP do you have?,,,,text,0.92,,,generic_sop,,,False,"Sure — I can help with SOP / checklist questions.

Please choose one:
- Aeon Roadshow Closing List
- Aeon Roadshow Opening List
- Backend Opening Checklist
- Closing Spring Warehouse
- Ice Bin Daily Closing Checklist
- JHKC Kiosk Opening
- Kiosk Closing Check List
- Kuching Booth Closing dustbin check list
- Opening Notes
- Receipt printer preparation for opening
- Sales Closing Reminders Material
- Shopify POS app Closing
- Shopify POS app Opening
- Spring Roadshow Closing List
- Spring Roadshow Opening List

You can also ask:
- show all
- step 3
- step 2 to step 5
- stocktake section
- show picture",
2026-04-25T18:52:48,Show me product knowledge.,,,,text,0.92,,,generic_product,,,False,"Sure — I can help with product knowledge.

Please choose one:
- Golden Passion Honey (New Product)
- Price for new packaging for HWJ and SHVP
- What is the best answer for client asking how much Honey we are using for our honey Juice?",
2026-04-25T18:52:56,What sales guide do you have?,,,,text,0.92,,,generic_sales,,,False,"Sure — I can help with sales information.

Please choose one:
- Sales Closing Reminders Material
- What is the best answer for client asking how much Honey we are using for our honey Juice?
- Customer signature for card payment
- Cashless
- Bee Points: Redeem Only When Needed",
2026-04-25T18:53:01,What policy can you explain?,Bee Point Policy – Crew Member Guideline,,,text,0.78,,,context_guidance,,,False,"I’m currently helping you with Bee Point Policy – Crew Member Guideline.
Tell me what you need next — for example:
- step 3
- step 2 to step 5
- stocktake section
- show picture
- show all

If you want another topic, just type it directly, like promotion or public holiday.",
2026-04-25T18:53:21,What onboarding checklist do you have?,,,,text,0.92,,,generic_training,,,False,"Sure — I can help with training and onboarding.

Please choose one:
- New Bee 1st day Check List
- New Bee 3rd day Check List
- Wanna-Bee onboarding Check list

You can also ask:
- 1st day
- 3rd day
- onboarding
- step 2
- step 2 to step 5",
2026-04-25T18:53:46,Show me shopfy pos closing.,Shopify POS app Closing,,,sop,1.0,,,matched_title_default_steps,,,False,Here is the full SOP / checklist for Shopify POS app Closing.,
2026-04-25T18:53:50,What is bee piont policy?,Bee Point Policy – Crew Member Guideline,,,text,0.96,,,matched_text_topic,,,False,Sure — here’s the information for Bee Point Policy – Crew Member Guideline.,
2026-04-26T22:37:33,hi i want to know more about sop,,sop,,text,0.82,0.82,medium,unknown,False,,False,"Sure — I can help with SOP / checklist questions.

Please choose one:
- Aeon Roadshow Closing List
- Aeon Roadshow Opening List
- Backend Opening Checklist
- Closing Spring Warehouse
- Ice Bin Daily Closing Checklist
- JHKC Kiosk Opening
- Kiosk Closing Check List
- Kuching Booth Closing dustbin check list
- Opening Notes
- Receipt printer preparation for opening
- Sales Closing Reminders Material
- Shopify POS app Closing
- Shopify POS app Opening
- Spring Roadshow Closing List
- Spring Roadshow Opening List",
2026-04-27T20:43:08,kiosk opening,JHKC Kiosk Opening,sop,,text,1.0,1.0,high,matched_title_step_prompt,False,,False,"I found JHKC Kiosk Opening.

Which part do you need? Please ask for a specific step or range.

Examples:
- step 2
- step 3 to step 7
- show picture
- show all",
2026-04-27T20:43:13,step 5,JHKC Kiosk Opening,sop,,sop,0.96,0.96,high,context_step,False,,False,Got it — this is Step 5 for JHKC Kiosk Opening.,
2026-04-27T20:43:25,step 10-20,JHKC Kiosk Opening,sop,,sop,0.95,0.95,high,context_step_range,False,,False,Got it — here are Steps 10 to 20 for JHKC Kiosk Opening.,
2026-04-27T20:43:33,spring opening,,sop,,text,0.84,0.84,medium,ambiguous_title_choice,False,,False,"I found multiple SOPs. Which one do you need?

- Spring Roadshow Opening List
- JHKC Kiosk Opening
- Receipt printer preparation for opening
- Aeon Roadshow Opening List
- Backend Opening Checklist
- Opening Notes
- Shopify POS app Opening

You can also ask:
- show all
- step 3
- step 2 to step 5
- stocktake section
- show picture",
2026-04-27T20:43:45,step 3,JHKC Kiosk Opening,sop,,sop,0.96,0.96,high,context_step,False,,False,Got it — this is Step 3 for JHKC Kiosk Opening.,
2026-04-27T20:43:54,Spring Roadshow Opening List,Spring Roadshow Opening List,sop,,text,1.0,1.0,high,matched_title_step_prompt,False,,False,"I found Spring Roadshow Opening List.

Which part do you need? Please ask for a specific step or range.

Examples:
- step 2
- step 3 to step 7
- show picture
- show all

Available sections:
- Chiller
- Daily Record Sheet
- Devices
- Shopify POS
- Terminal Machine",
2026-04-27T20:44:54,step 7,Spring Roadshow Opening List,sop,,sop,0.96,0.96,high,context_step,False,,False,Got it — this is Step 7 for Spring Roadshow Opening List.,
2026-04-27T20:44:59,ice bin,Ice Bin Daily Closing Checklist,sop,,text,1.0,1.0,high,matched_title_step_prompt,False,,False,"I found Ice Bin Daily Closing Checklist.

Which part do you need? Please ask for a specific step or range.

Examples:
- step 2
- step 3 to step 7
- show picture
- show all

Available sections:
- Cleaning",
2026-04-27T20:45:07,step 5-9,Ice Bin Daily Closing Checklist,sop,,text,0.78,0.78,medium,context_guidance,False,,False,"I’m currently helping you with Ice Bin Daily Closing Checklist.
Tell me what you need next — for example:
- step 3
- step 2 to step 5
- stocktake section
- show picture
- show all

If you want another topic, just type it directly, like promotion or public holiday.",
2026-04-27T20:45:17,step 1-4,Ice Bin Daily Closing Checklist,sop,,sop,0.95,0.95,high,context_step_range,False,,False,Got it — here are Steps 1 to 4 for Ice Bin Daily Closing Checklist.,
2026-04-27T20:45:48,opening notes,Opening Notes,sop,,text,1.0,1.0,high,matched_title_step_prompt,False,,False,"I found Opening Notes.

Which part do you need? Please ask for a specific step or range.

Examples:
- step 2
- step 3 to step 7
- show picture
- show all

Available sections:
- Chiller
- Devices
- Display
- Honey Area
- Photo Submission
- Proper Way to Serve Customer
- Sales Kits
- VM Area",
2026-04-27T20:46:00,step 2-11,Opening Notes,sop,,sop,0.95,0.95,high,context_step_range,False,,False,Got it — here are Steps 2 to 11 for Opening Notes.,
2026-04-27T20:56:39,kiosk opening,JHKC Kiosk Opening,sop,,text,1.0,1.0,high,matched_title_step_prompt,False,,False,"I found JHKC Kiosk Opening.

Which part do you need? Please ask for a specific step or range.

Examples:
- step 2
- step 3 to step 7
- show picture
- show all",
2026-04-27T20:56:50,step 24,,,,text,0.0,0.0,low,fallback,True,Please escalate this question to team lead.,True,No confident answer. Escalate to team lead.,
2026-04-27T20:57:01,step 10,JHKC Kiosk Opening,sop,,sop,0.96,0.96,high,context_step,False,,False,Got it — this is Step 10 for JHKC Kiosk Opening.,
2026-04-27T20:57:06,step 10 -24,JHKC Kiosk Opening,sop,,sop,0.95,0.95,high,context_step_range_limited,False,,False,"I found JHKC Kiosk Opening, but this SOP only has steps until Step 23.

You requested Steps 10 to 24, so I can only show the available part below.",
2026-04-27T20:57:19,step 24,,,,text,0.0,0.0,low,fallback,True,Please escalate this question to team lead.,True,No confident answer. Escalate to team lead.,
2026-04-27T20:58:47,step 24,,,,text,0.0,0.0,low,fallback,True,Please escalate this question to team lead.,True,No confident answer. Escalate to team lead.,
2026-04-27T20:58:53,kiosk opening,JHKC Kiosk Opening,sop,,text,1.0,1.0,high,matched_title_step_prompt,False,,False,"I found JHKC Kiosk Opening.

Which part do you need? Please ask for a specific step or range.

Examples:
- step 2
- step 3 to step 7
- show picture
- show all",
2026-04-27T20:58:59,step 25,,,,text,0.0,0.0,low,fallback,True,Please escalate this question to team lead.,True,No confident answer. Escalate to team lead.,
2026-04-27T21:06:38,kiosk opening,JHKC Kiosk Opening,sop,,text,1.0,1.0,high,matched_title_step_prompt,False,,False,"I found JHKC Kiosk Opening.
This checklist has Step 1 to Step 23.

Which part do you need? Please ask for a specific step or range.

Examples:
- step 2
- step 3 to step 7
- show picture
- show all",
2026-04-27T21:06:43,step 24,,,,text,0.0,0.0,low,fallback,True,Please escalate this question to team lead.,True,No confident answer. Escalate to team lead.,
2026-04-27T21:06:48,step 25,,,,text,0.0,0.0,low,fallback,True,Please escalate this question to team lead.,True,No confident answer. Escalate to team lead.,
2026-04-27T21:07:01,JHKC Kiosk Opening,JHKC Kiosk Opening,sop,,text,1.0,1.0,high,matched_title_step_prompt,False,,False,"I found JHKC Kiosk Opening.
This checklist has Step 1 to Step 23.

Which part do you need? Please ask for a specific step or range.

Examples:
- step 2
- step 3 to step 7
- show picture
- show all",
2026-04-27T21:07:05,step 24,,,,text,0.0,0.0,low,fallback,True,Please escalate this question to team lead.,True,No confident answer. Escalate to team lead.,
2026-04-27T21:07:14,Shopify POS app Opening,Shopify POS app Opening,sop,,text,1.0,1.0,high,matched_title_step_prompt,False,,False,"I found Shopify POS app Opening.
This checklist has Step 1 to Step 7.

Which part do you need? Please ask for a specific step or range.

Examples:
- step 2
- step 3 to step 7
- show picture
- show all",
2026-04-27T21:07:19,step 17,,,,text,0.0,0.0,low,fallback,True,Please escalate this question to team lead.,True,No confident answer. Escalate to team lead.,
2026-04-27T21:07:39,step 8,,,,text,0.0,0.0,low,fallback,True,Please escalate this question to team lead.,True,No confident answer. Escalate to team lead.,
2026-04-27T21:07:43,step 7,Shopify POS app Opening,sop,,sop,0.96,0.96,high,context_step,False,,False,Got it — this is Step 7 for Shopify POS app Opening.,
2026-04-27T21:09:21,kiosk opening,JHKC Kiosk Opening,sop,,text,1.0,1.0,high,matched_title_step_prompt,False,,False,"I found JHKC Kiosk Opening.
This checklist has Step 1 to Step 23.

Which part do you need? Please ask for a specific step or range.

Examples:
- step 2
- step 3 to step 7
- show picture
- show all",
2026-04-27T21:09:26,step 24,,,,text,0.0,0.0,low,fallback,True,Please escalate this question to team lead.,True,No confident answer. Escalate to team lead.,
2026-04-27T21:13:21,kiosk opening,JHKC Kiosk Opening,sop,,text,1.0,1.0,high,matched_title_step_prompt,False,,False,"I found JHKC Kiosk Opening.
This checklist has Step 1 to Step 23.

Which part do you need? Please ask for a specific step or range.

Examples:
- step 2
- step 3 to step 7
- show picture
- show all",
2026-04-27T21:13:28,step 24,JHKC Kiosk Opening,sop,,text,0.35,0.35,low,context_step_out_of_bounds,False,,False,"I found JHKC Kiosk Opening, but Step 24 is outside the available steps.

This SOP only has Step 1 to Step 23.

Please ask again with a valid step or range.
Examples:
- step 1
- step 23
- step 1 to step 23",
2026-04-27T21:13:43,Win the Heart Gift Guide,Win the Heart Gift Guide,promotion,,text,1.0,1.0,high,matched_text_topic,False,,False,Sure — here’s the information for Win the Heart Gift Guide.,
2026-04-27T21:14:00,romotion,Promotion,promotion,,text,0.84,0.84,medium,matched_text_topic,False,,False,Sure — here’s the information for Promotion.,
2026-04-27T21:14:20,Lab Report in Website - temporarily removed,Lab Report in Website - temporarily removed,notice,,text,1.0,1.0,high,matched_text_topic,False,,False,Sure — here’s the information for Lab Report in Website - temporarily removed.,
2026-04-27T21:19:27,Golden Passion Honey (New Product),Golden Passion Honey (New Product),product,,text,1.0,1.0,high,matched_title_part_prompt,False,,False,"I found Golden Passion Honey (New Product).
This topic has Step 1 to Step 19.

Which part do you need? Please ask for a specific step, range, section, picture, or ask to show all.

Examples:
- step 2
- step 3 to step 7
- show picture
- show all

Available sections:
- Core Message
- Functional Positioning
- Key Benefits
- Key Selling Points
- Product Overview
- Target Customers",
2026-04-27T21:19:37,How shifts arrangements are given,How shifts arrangements are given,notice,,text,1.0,1.0,high,matched_title_part_prompt,False,,False,"I found How shifts arrangements are given.
This topic has Step 1 to Step 22.

Which part do you need? Please ask for a specific step, range, section, picture, or ask to show all.

Examples:
- step 2
- step 3 to step 7
- show picture
- show all

Available sections:
- How Shifts Are Assigned
- Key Responsibilities
- Overview
- Pro-Tip
- SP Summary
- Shift Assignment Overview
- The 4 Pillars of SP
- Understanding SP",
2026-04-27T21:19:48,Hari Raya Aidilfitri Public Holiday - Retail (2026),,notice,,text,0.96,0.96,high,ambiguous_title_choice,False,,False,"I found these notice topics. Which one do you need?

- PUBLIC HOLIDAY 2026
- Hari Raya Aidilfitri Public Holiday – Retail (2026)",
2026-04-27T21:20:02,PUBLIC HOLIDAY 2026PUBLIC HOLIDAY 2026,,notice,,text,0.96,0.96,high,ambiguous_title_choice,False,,False,"I found these notice topics. Which one do you need?

- PUBLIC HOLIDAY 2026
- Hari Raya Aidilfitri Public Holiday – Retail (2026)",
2026-04-27T21:20:05,PUBLIC HOLIDAY 2026,PUBLIC HOLIDAY 2026,notice,,text,1.0,1.0,high,matched_title_part_prompt,False,,False,"I found PUBLIC HOLIDAY 2026.
This topic has Step 1 to Step 4.

Which part do you need? Please ask for a specific step, range, section, picture, or ask to show all.

Examples:
- step 2
- step 3 to step 7
- show picture
- show all

Available sections:
- Overview
- Reference Image
- Related Question",
2026-04-27T21:20:17,Wanna-Bee onboarding Check list,Wanna-Bee onboarding Check list,training,,text,1.0,1.0,high,matched_title_part_prompt,False,,False,"I found Wanna-Bee onboarding Check list.
This topic has Step 1 to Step 24.

Which part do you need? Please ask for a specific step, range, section, picture, or ask to show all.

Examples:
- step 2
- step 3 to step 7
- show picture
- show all

Available sections:
- Add Team Leader contact
- Announcement
- Availability
- Before first day
- Download and install
- Ground rules
- Join Google Group
- Join Whatsapp group
- Payment info
- Portrait
- Reminder
- Setup Shopify account
- Uniform
- Visit Jungle House Kuching Wiki",
