category,title,section,content,step_order,image_files
sop,Aeon Roadshow Closing List,,"Prepare 2 cloths: wipe the honey tester with the button cloth, wipe the table, tray, and chiller with the red cloth, then wash the towels. Refer to Soak cloth if needed.",1,
sop,Aeon Roadshow Closing List,Stocktake,"Stock take the booth using the provided link, screenshot the page, and send the screenshot in high definition into the group.",2,
sop,Aeon Roadshow Closing List,,"Refill tester cup, tester spoon, and tissue.",3,
sop,Aeon Roadshow Closing List,,Restock raw honey and honey gifts accordingly. Remember to inform the back end coordinator.,4,
sop,Aeon Roadshow Closing List,,Key in Drinks Tester and Staff drinks in one bill in Shopify POS.,5,
sop,Aeon Roadshow Closing List,Settlement,"Complete settlement. Refer to Credit Card Settlement, Shopify POS app Closing, and Daily Sales Report if needed.",6,
sop,Aeon Roadshow Closing List,Settlement,Take a shot of staff sales report for filling up the daily incentive form purposes and send it to the group.,7,
sop,Aeon Roadshow Closing List,Settlement,"Staple all receipts and put them inside the plastic bag provided on the shelf. Use the stapler shown, refer to How to keep Credit card receipt and settlement slip if needed, close both wood cabins after settlement is done, and send the settlement PDF from email into the group.",8,sop_images/aeon_roadshow_closing/step8_1.jpg
sop,Aeon Roadshow Closing List,Devices,Keep terminal machine and iPad stand into booth storage.,9,
sop,Aeon Roadshow Closing List,Devices,Charge iPad using one power bank and put it into booth storage.,10,sop_images/aeon_roadshow_closing/step10_1.jpg|sop_images/aeon_roadshow_closing/step10_2.jpg
sop,Aeon Roadshow Closing List,Devices,Refer to What to close every night? (Booth).,11,
sop,Aeon Roadshow Closing List,Chiller,Lock chiller. Refer to How to lock the chiller if needed.,12,
sop,Aeon Roadshow Closing List,Display Closing,Arrange display for closing by removing items from the top area.,13,sop_images/aeon_roadshow_closing/step13_1.jpg|sop_images/aeon_roadshow_closing/step13_2.jpg
sop,Aeon Roadshow Closing List,Display Closing,Put wooden stirrer and wooden spoon on top of counter top.,14,sop_images/aeon_roadshow_closing/step14_1.jpg
sop,Aeon Roadshow Closing List,Display Closing,Put two trays and honey description together on top of booth storage.,15,sop_images/aeon_roadshow_closing/step15_1.jpg
sop,Aeon Roadshow Closing List,Display Closing,"Put Jungle House tissue, small rubbish bin, honey description stand, tester cup, and QR code together on top of booth storage.",16,sop_images/aeon_roadshow_closing/step16_1.jpg|sop_images/aeon_roadshow_closing/step16_2.jpg
sop,Aeon Roadshow Closing List,,Throw rubbish into the main rubbish bin. Refer to Kuching Booth Closing dustbin check list if needed.,17,
sop,Aeon Roadshow Closing List,,Keep your own belongings in your shelf and out of sight.,18,
sop,Aeon Roadshow Closing List,,Bee Leader must make sure all keys are returned to booth storage.,19,
sop,Aeon Roadshow Closing List,,Cover fabric. Refer to Cover Fabric if needed.,20,
sop,Aeon Roadshow Closing List,,Take a photo of the covered booth and send it into the group.,21,sop_images/aeon_roadshow_closing/step21_1.jpg
sop,Aeon Roadshow Closing List,,Complete Daily Incentive Declaration.,22,
sop,Aeon Roadshow Closing List,,Clock out using TimeTec.,23,
sop,Aeon Roadshow Opening List,,Clock in using TimeTec.,1,
sop,Aeon Roadshow Opening List,,Take a photo of the covered fabric of the booth and send it to the group.,2,sop_images/aeon_roadshow_opening/step2_1.jpg|sop_images/aeon_roadshow_opening/step2_2.jpg
sop,Aeon Roadshow Opening List,,"Open the covered fabric, fold it, and put it inside the box together with all of the clips.",3,
sop,Aeon Roadshow Opening List,,Put the box back to its place.,4,sop_images/aeon_roadshow_opening/step4_1.jpg
sop,Aeon Roadshow Opening List,,"Set up the QR code and put back the items on the top area, including Premium Wooden Spoon and Wooden Stirrer.",5,
sop,Aeon Roadshow Opening List,,"Take out two charged iPads, terminal machine, iPad stand, and power banks.",6,
sop,Aeon Roadshow Opening List,,Charge the power banks.,7,
sop,Aeon Roadshow Opening List,Terminal Machine,"Switch on the terminal machine, press the return indicator, then press the Maybank logo indicator to start the terminal.",8,
sop,Aeon Roadshow Opening List,Terminal Machine,Charge the terminal machine.,9,
sop,Aeon Roadshow Opening List,,Wash both frontend and backend cloths and place them back respectively.,10,
sop,Aeon Roadshow Opening List,Chiller,"Get the keys from booth storage to unlock the padlock of the chiller, switch on the LED lighting and chiller lights, put the padlock and rope in the cover fabric box, place the keys back in booth storage after use, keep the chiller clean and clear, and arrange honey juices neatly according to date.",11,
sop,Aeon Roadshow Opening List,Devices,Turn on all device power. Refer to What to on every morning and How to switch on the Digital photo frame if needed.,12,
sop,Aeon Roadshow Opening List,Devices,Open Shopify POS app and start the session for the iPad. Make sure the printer is connected to start the operation of the day. Refer to Receipt printer preparation for opening if needed.,13,
sop,Aeon Roadshow Opening List,,"Clean the carpet using vacuum or a small broom, then throw the dust into the rubbish bin.",14,sop_images/aeon_roadshow_opening/step14_1.jpg
sop,Aeon Roadshow Opening List,,"Ensure the table, rack, and product display are dust free by using a duster or vacuum.",15,sop_images/aeon_roadshow_opening/step15_1.jpg
sop,Aeon Roadshow Opening List,,Clean the raw honey tester and make sure it is not sticky.,16,
sop,Aeon Roadshow Opening List,,Make sure the tester bottle bag and recycle bottle bag are nicely folded.,17,sop_images/aeon_roadshow_opening/step17_1.jpg
sop,Aeon Roadshow Opening List,Daily Record Sheet,"Clear the daily record sheet, write the operating date, individual name and shift, staff juice, and honey juice date which is 5 days after the operating day, then make sure the daily record sheet does not fall off and stick it back in place if needed.",18,sop_images/aeon_roadshow_opening/step18_1.jpg
sop,Aeon Roadshow Opening List,,Check the pre-order area. Remove receipts or notes that are irrelevant and check with the person in charge if unsure.,19,sop_images/aeon_roadshow_opening/step19_1.jpg
sop,Aeon Roadshow Opening List,,Keep the honey juice station clean. Make sure the serving tray is dry and clean. Prepare the honey juice tester.,20,
sop,Aeon Roadshow Opening List,,Take a photo of the setup booth.,21,sop_images/aeon_roadshow_opening/step21_1.jpg|sop_images/aeon_roadshow_opening/step21_2.jpg|sop_images/aeon_roadshow_opening/step21_3.jpg|sop_images/aeon_roadshow_opening/step21_4.jpg|sop_images/aeon_roadshow_opening/step21_5.jpg
sop,Backend Opening Checklist,,Use Jungle House WiFi or NFC to clock in. This applies to full timer and registered part timer only.,1,
sop,Backend Opening Checklist,,"Wear apron, mask, and uniform. Must follow the company Dress Code Standard.",2,
sop,Backend Opening Checklist,Stock Check,"Check the shelf behind the booth. See if anything is low in stock and write it down. Minimum amounts: 4-bottle juice box 20, 8-bottle juice box 10, Daily Muji Box 20, Small paper bag 30, Big paper bag 20.",3,
sop,Backend Opening Checklist,Stock Check,"Open the booth cabinet. Check what needs to be refilled and write it down: Daily Honey Series, Premium Honey Series, Infused Honey Series, Wooden stirrer, and Honey Gift Set.",4,
sop,Backend Opening Checklist,,Take the Spring Warehouse key from the booth cabinet at the front top-right corner. It is the key with number 10.,5,
sop,Backend Opening Checklist,Fridge Check,"Check the fridge in front of the booth and record what honey juice is missing. Minimum amounts: Royal White 15 bottles, Yellow Love 15 bottles, Royal Black 5 bottles, Jungle Heart 15 bottles, Citrus Bloom 10 bottles, Jungle Eye 10 bottles, Sweet Tooth 10 bottles, Roast Cube 5 bottles. Make sure to meet these quantities and do not make too many extras.",6,
sop,Backend Opening Checklist,,Take the key and go to Spring Warehouse. Unlock it. Spring Warehouse is just to the right of John Pie.,7,
sop,Closing Spring Warehouse,Spring Warehouse Closing,Measure the NR of each jerry can honey. Just measure the honey in the circle area.,1,sop_images/spring_warehouse_closing/step1_1.jpg
sop,Closing Spring Warehouse,Spring Warehouse Closing,Record it in the stock count link below.,2,
sop,Closing Spring Warehouse,Spring Warehouse Closing,"Things that need to be recorded in the link: drinking water (full jerry can), juice bottle box (full box), and juice bottle cap (full bag).",3,
sop,Closing Spring Warehouse,Spring Warehouse Closing,Wash the jug and stirrer used to make juice and wipe them using kitchen towels or tissue provided.,4,
sop,Closing Spring Warehouse,Spring Warehouse Closing,Close the jug properly with kitchen towel on top and use a rubber band to secure it tightly.,5,sop_images/spring_warehouse_closing/step5_1.jpg
sop,Closing Spring Warehouse,Spring Warehouse Closing,Place the jug beside the drinking water.,6,sop_images/spring_warehouse_closing/step6_1.jpg
sop,Closing Spring Warehouse,Spring Warehouse Closing,Wash the grey water bucket and both cloths.,7,
sop,Closing Spring Warehouse,Spring Warehouse Closing,Soak both cloths with water inside the white basket.,8,sop_images/spring_warehouse_closing/step8_1.jpg
sop,Closing Spring Warehouse,Spring Warehouse Closing,Wipe the grey water bucket using kitchen towels or tissue provided.,9,
sop,Closing Spring Warehouse,Spring Warehouse Closing,Place the weighing scale according to the picture.,10,sop_images/spring_warehouse_closing/step10_1.jpg
sop,Closing Spring Warehouse,Spring Warehouse Closing,Change a new rubbish plastic bag for the dustbin.,11,
sop,Ice Bin Daily Closing Checklist,,Drain the water. Release all accumulated water from the bin into the sink. Make sure it is fully drained to prevent odors or bacteria.,1,
sop,Ice Bin Daily Closing Checklist,Cleaning,"Spot and clean. Check the inside and outside for any stains, sticky spots, or dirt. If you see a spot, wipe it clean immediately.",2,
sop,Ice Bin Daily Closing Checklist,,Park it. Move the ice bin to its designated spot beside the storeroom back door so the vendor can complete the refill easily tomorrow.,3,
sop,JHKC Kiosk Opening,,Clock in (TimeTec),1,
sop,JHKC Kiosk Opening,,Take photos (2 side) before rolling up blinds,2,
sop,JHKC Kiosk Opening,,Unlock blinds and roll them up. Secure the blind cord to the kiosk pole as shown.,3,sop_images/kiosk_opening/step3_1.jpg|sop_images/kiosk_opening/step3_2.jpg
sop,JHKC Kiosk Opening,,"Unlock all cabinet doors from B, C, E, F, K and L.",4,
sop,JHKC Kiosk Opening,,Keep all the locks inside the cabinet.,5,
sop,JHKC Kiosk Opening,,"Switch on display shelves (D, K and L) and ceiling lightings.",6,
sop,JHKC Kiosk Opening,,"Take out two charged iPads, two terminal machines, iPad stand and power banks.",7,
sop,JHKC Kiosk Opening,,Ensure both tablets and terminal machines are charged.,8,
sop,JHKC Kiosk Opening,,Click Shopify app and start the session for both iPads.,9,
sop,JHKC Kiosk Opening,,Check Maybank app is logged in.,10,
sop,JHKC Kiosk Opening,,"Switch on the terminal machine, press the return indicator, and press the Maybank logo indicator to start the terminal.",11,
sop,JHKC Kiosk Opening,,Charge two power banks.,12,
sop,JHKC Kiosk Opening,,Turn on all device power and switch on all lights.,13,sop_images/kiosk_opening/step13_1.jpg|sop_images/kiosk_opening/step13_2.jpg
sop,JHKC Kiosk Opening,,Use hook to take down the blind next to the storeroom and place it inside the storeroom. Use hook to attach the blind cord to the pillar.,14,sop_images/kiosk_opening/step14_1.jpg|sop_images/kiosk_opening/step14_2.jpg|sop_images/kiosk_opening/step14_3.jpg
sop,JHKC Kiosk Opening,,"Set up the testers, tester spoon and tissue for both tester areas, then make sure each tester area has a sales kit.",15,sop_images/kiosk_opening/step15_1.jpg|sop_images/kiosk_opening/step15_2.jpg|sop_images/kiosk_opening/step15_3.jpg
sop,JHKC Kiosk Opening,,Set up sampling.,16,
sop,JHKC Kiosk Opening,,Arrange honey juices in fridge and check the expiry date of tester.,17,
sop,JHKC Kiosk Opening,,Set up Juice Tower.,18,
sop,JHKC Kiosk Opening,,Update daily record sheet beside the fridge in storeroom.,19,sop_images/kiosk_opening/step19_1.jpg
sop,JHKC Kiosk Opening,,Update juice production calendar on another side of the fridge in storeroom.,20,sop_images/kiosk_opening/step20_1.jpg
sop,JHKC Kiosk Opening,,Unlock side door for ice supply.,21,
sop,JHKC Kiosk Opening,,Check preorder.,22,
sop,JHKC Kiosk Opening,,Take photo for opening.,23,
sop,Kiosk Closing Check List,Stocktake,Restock all items up to quota.,1,
sop,Kiosk Closing Check List,Stocktake,Open Important Notes of Stocktake before starting the stocktake process.,2,
sop,Kiosk Closing Check List,Stocktake,Record all items taken on the stock indicator white board and deduct them from the previous total.,3,sop_images/kiosk_closing/stocktake/step3_1.jpg
sop,Kiosk Closing Check List,Stocktake,Open the stocktake Google Sheet link to update the stocktake record.,4,
sop,Kiosk Closing Check List,Stocktake,Add all items written in the stock indicator white board and record them in the storeroom row in the Google Sheet.,5,sop_images/kiosk_closing/stocktake/step5_1.jpg
sop,Kiosk Closing Check List,Stocktake,"Count items 1 to 14 and 23 to 34. If an item is listed as estimate, estimate the number to save time.",6,sop_images/kiosk_closing/stocktake/step6_1.jpg
sop,Kiosk Closing Check List,Stocktake,"Count NR by first measuring all NR in the first layer with black tie, then add the full NR together with the measured NR in black tie. Refer to the NR record. Example: if CB (6000) has two full jerry cans, calculate 6000 x 2 = 12000, then add the CB jerry can with black tie. Review the Jerry Can Stocktake Guide if needed.",7,sop_images/kiosk_closing/stocktake/step7_1.jpg|sop_images/kiosk_closing/stocktake/step7_2.jpg
sop,Kiosk Closing Check List,Stocktake,Count all stock from Cabinet A to Cabinet M and record it in the Google Sheet. Refer to Furniture Key Labelling if needed.,8,
sop,Kiosk Closing Check List,Stocktake,Take a screenshot of the stocktake result and send it in JH 14-Kuching AJSB.,9,
sop,Kiosk Closing Check List,Settlement,Update 10pm sales. Refer to Sales Report if needed.,10,
sop,Kiosk Closing Check List,Settlement,Print summary report.,11,
sop,Kiosk Closing Check List,Settlement,"Check sales amount for credit, debit, Maybank QR or others such as Amex, Union Pay, and Online Transfer.",12,
sop,Kiosk Closing Check List,Settlement,Print terminal settlement once tally. Refer to Credit Card Settlement if needed.,13,
sop,Kiosk Closing Check List,Settlement,Key in tester and staff drinks.,14,
sop,Kiosk Closing Check List,Settlement,Complete Daily Sales Report. Refer to Shopify POS app Closing and Updated Daily Sales Report for the step-by-step guide if needed.,15,
sop,Kiosk Closing Check List,Settlement,"Stapler Shopify settlement, terminal settlement, and merchant copy receipts. Store them in a plastic bag with the correct date label in the lower level of cabinet F2. Use the stapler in the stationary box on level one of cabinet E3.",16,sop_images/kiosk_closing/settlement/step7_1.jpg
sop,Kiosk Closing Check List,Settlement,Download Daily Sales Report from email and send it to JH 14-Kuching AJSB.,17,
sop,Kiosk Closing Check List,Settlement,Take picture of Staff report and send it to JH 14-Kuching AJSB.,18,
sop,Kiosk Closing Check List,Device,"Keep and charge 2 terminal machines and 2 tablets in cabinet F3. Format: Powerbank A for 1 tablet and 1 terminal, Powerbank B for 1 tablet, and black charger at the back for 1 terminal.",19,sop_images/kiosk_closing/device/step1_1.jpg
sop,Kiosk Closing Check List,Device,Shut down Kodak and turn off the switch in E3. Kodak is currently in Aeon.,20,
sop,Kiosk Closing Check List,Device,Turn off printer and turn off the switch in E3.,21,
sop,Kiosk Closing Check List,Device,Bee Leader must restart the CCTV hard drive every Monday and Friday.,22,sop_images/kiosk_closing/device/step4_1.jpg
sop,Kiosk Closing Check List,Additional,"Turn off outdoor switches at 5 locations: under Citrus Bloom, behind cabinet L, behind cabinet K, under candle rack, and behind chiller. Under Citrus Bloom, open the wooden block and leave it aside; do not put it back so it can cool down from high temperature.",23,sop_images/kiosk_closing/additional/step1_1.jpg|sop_images/kiosk_closing/additional/step1_2.jpg|sop_images/kiosk_closing/additional/step1_3.jpg|sop_images/kiosk_closing/additional/step1_4.jpg|sop_images/kiosk_closing/additional/step1_5.jpg
sop,Kiosk Closing Check List,Additional,Place all outdoor items within kiosk area.,24,
sop,Kiosk Closing Check List,Additional,Keep own belongings in your shelf and out of sight.,25,
sop,Kiosk Closing Check List,Additional,Bee Leader must make sure all keys are returned in booth storage.,26,
sop,Kiosk Closing Check List,Additional,Lock the storeroom back door.,27,sop_images/kiosk_closing/additional/step5_1.jpg
sop,Kiosk Closing Check List,Additional,Pull down all blinds (12).,28,
sop,Kiosk Closing Check List,Additional,Lock all blinds (12). Take the locks from the bottom layer of cabinet E3.,29,
sop,Kiosk Closing Check List,Additional,Lock all cabinets according to Furniture Key Labelling. Take the keys from the bottom layer of cabinet E3.,30,
sop,Kiosk Closing Check List,Additional,Drain ice box and move it to the storeroom door. Refer to Ice Bin Daily Closing Checklist and Draining Ice Tong if needed.,31,
sop,Kiosk Closing Check List,Additional,Wash Juice Tower. Refer to Washing Juice Tower if needed.,32,
sop,Kiosk Closing Check List,Additional,Take photo of closed kiosk.,33,
sop,Kiosk Closing Check List,Additional,Complete Daily Incentive Declaration.,34,
sop,Kiosk Closing Check List,Additional,Clock out using TimeTec.,35,
checklist,Kuching Booth Closing dustbin check list,Booth Closing Dustbin,Main dustbin,1,sop_images/kuching_booth_closing_dustbin/step1_1.jpg
checklist,Kuching Booth Closing dustbin check list,Booth Closing Dustbin,Raw Honey dustbin corner,2,sop_images/kuching_booth_closing_dustbin/step2_1.jpg|sop_images/kuching_booth_closing_dustbin/step2_2.jpg
checklist,Kuching Booth Closing dustbin check list,Booth Closing Dustbin,Honey Juice sampling corner,3,sop_images/kuching_booth_closing_dustbin/step3_1.jpg
notes,Opening Notes,,Clean the sink.,1,sop_images/opening_notes/step1_1.jpg
notes,Opening Notes,,Keep the juice preparation area clean and neat.,2,sop_images/opening_notes/step2_1.jpg
notes,Opening Notes,,Make sure the storage area is well arranged.,3,sop_images/opening_notes/step3_1.jpg
notes,Opening Notes,,Clean the cashier area with cloths.,4,sop_images/opening_notes/step4_1.jpg
notes,Opening Notes,,Make sure the front of the store looks like the reference photo.,5,sop_images/opening_notes/step5_1.jpg
notes,Opening Notes,,Make sure the lights are on at the rack near the escalator area.,6,sop_images/opening_notes/step6_1.jpg
notes,Opening Notes,,Keep the honey tester area clean and tidy at all times.,7,sop_images/opening_notes/step7_1.jpg
notes,Opening Notes,Devices,Register and start tracking session on both iPads.,8,sop_images/opening_notes/step8_1.jpg|sop_images/opening_notes/step8_2.jpg
notes,Opening Notes,Display,"This rack must have ribbons for all first gift items facing outside, for both Rack 1 and Rack 2.",9,sop_images/opening_notes/step9_1.jpg|sop_images/opening_notes/step9_2.jpg
notes,Opening Notes,Honey Area,"Maintain arrangements for the honey area, including Daily and Infused Series Honey and Premium Honey Series.",10,sop_images/opening_notes/step10_1.jpg|sop_images/opening_notes/step10_2.jpg|sop_images/opening_notes/step10_3.jpg
notes,Opening Notes,Sales Kits,The sales kits must always be kept in this drawer and not on top of the honey tester table.,11,sop_images/opening_notes/step11_1.jpg
notes,Opening Notes,,Keep the door closed at all times.,12,sop_images/opening_notes/step12_1.jpg
notes,Opening Notes,Chiller,Make sure the juice chiller is always full at the first line facing the customer.,13,sop_images/opening_notes/step13_1.jpg
notes,Opening Notes,Photo Submission,"Take all above photos from 1 to 13 and send them into the High Definition WhatsApp Group JH 14 - Kuching AJSB. The photos taken and submitted into the group must follow the required size, angle, and tidiness standards of the area.",14,
notes,Opening Notes,VM Area,This VM area must be kept clean from dust. Do not take from this rack for sales unless stock is depleted in store.,15,sop_images/opening_notes/step15_1.jpg
notes,Opening Notes,,Make sure there is always a gap between this cabinet for customers to walk in.,16,sop_images/opening_notes/step16_1.jpg
notes,Opening Notes,Proper Way to Serve Customer,Do not stand side by side. Show the customer where to put the used tester stirrer.,17,sop_images/opening_notes/step17_1.jpg
sop,Receipt printer preparation for opening,,Connect the power cable.,1,
sop,Receipt printer preparation for opening,,Check iPad Bluetooth connection.,2,
sop,Receipt printer preparation for opening,Test Print,Test print one existing receipt by clicking Orders.,3,sop_images/receipt_printer_opening/step3_1.jpg
sop,Receipt printer preparation for opening,Test Print,Click any one of the transaction.,4,sop_images/receipt_printer_opening/step4_1.jpg
sop,Receipt printer preparation for opening,Test Print,Click Receipt.,5,sop_images/receipt_printer_opening/step5_1.jpg
sop,Receipt printer preparation for opening,Test Print,Click Print Receipt.,6,
material,Sales Closing Reminders Material,Sales Closing Reminders,Honey Juice,1,sop_images/sales_closing_reminders/step1_1.jpg
material,Sales Closing Reminders Material,Sales Closing Reminders,Raw Honey,2,sop_images/sales_closing_reminders/step2_1.jpg
material,Sales Closing Reminders Material,Sales Closing Reminders,Return Bottles,3,sop_images/sales_closing_reminders/step3_1.jpg|sop_images/sales_closing_reminders/step3_2.jpg
sop,Shopify POS app Closing,,Login iPad using password 0000.,1,
sop,Shopify POS app Closing,,Click Shopify POS app.,2,sop_images/shopify_closing/step2_1.jpg
sop,Shopify POS app Closing,,Login using your PIN.,3,sop_images/shopify_closing/step3_1.jpg
sop,Shopify POS app Closing,,Click as sample below.,4,sop_images/shopify_closing/step4_1.jpg
sop,Shopify POS app Closing,Tracking Session,Click View Open Session.,5,sop_images/shopify_closing/step5_1.jpg
sop,Shopify POS app Closing,Tracking Session,Click End Tracking Session.,6,sop_images/shopify_closing/step6_1.jpg
sop,Shopify POS app Closing,Tracking Session,Click Next.,7,sop_images/shopify_closing/step7_1.jpg
sop,Shopify POS app Closing,Tracking Session,Click Next.,8,sop_images/shopify_closing/step8_1.jpg
sop,Shopify POS app Closing,Tracking Session,Click Next.,9,sop_images/shopify_closing/step9_1.jpg
sop,Shopify POS app Closing,Tracking Session,Click Next.,10,sop_images/shopify_closing/step10_1.jpg
sop,Shopify POS app Closing,Tracking Session,Click Print.,11,sop_images/shopify_closing/step11_1.jpg
sop,Shopify POS app Closing,,Repeat step 1 to step 10 for the second iPad.,12,
sop,Shopify POS app Closing,,Take a photo of the page in step 11 for the second iPad for the Daily Sales Report Shopify Settlement attachment.,13,
sop,Shopify POS app Opening,,Login iPad using password 0000.,1,
sop,Shopify POS app Opening,,Click Shopify POS app.,2,sop_images/shopify_opening/step2_1.jpg
sop,Shopify POS app Opening,,Login using your PIN.,3,sop_images/shopify_opening/step3_1.jpg
sop,Shopify POS app Opening,,Click More.,4,sop_images/shopify_opening/step4_1.jpg
sop,Shopify POS app Opening,,Click Register.,5,sop_images/shopify_opening/step5_1.jpg
sop,Shopify POS app Opening,,Click Start tracking session.,6,sop_images/shopify_opening/step6_1.jpg
sop,Shopify POS app Opening,,Click Save.,7,
sop,Spring Roadshow Closing List,,Wash the towels. Refer to Soak cloth if needed.,1,
sop,Spring Roadshow Closing List,Stocktake,"Stock take booth using the provided link, screenshot the page, and send the screenshot in high definition into the group.",2,
sop,Spring Roadshow Closing List,,"Refill tester cup, tester spoon, and tissue.",3,
sop,Spring Roadshow Closing List,,Restock raw honey and honey gifts accordingly. Remember to inform the back end coordinator.,4,
sop,Spring Roadshow Closing List,,Key in Drinks Tester and Staff drinks in one bill in Shopify POS.,5,
sop,Spring Roadshow Closing List,Settlement,"Complete settlement. Refer to Credit Card Settlement, Shopify POS app Closing, and Daily Sales Report if needed.",6,
sop,Spring Roadshow Closing List,Settlement,Take a shot of staff’s sales report for filling up the daily incentive form purposes and send it to the group.,7,
sop,Spring Roadshow Closing List,Settlement,"Stapler all receipts and put them inside the plastic bag provided on the shelf. Use the stapler shown, refer to How to keep Credit card receipt and settlement slip if needed, close both wood cabins after settlement is done, and send settlement PDF from email into the group.",8,sop_images/spring_closing/step8_1.jpg
sop,Spring Roadshow Closing List,Devices,Keep terminal machine and iPad stand into booth storage.,9,sop_images/spring_closing/step9_1.jpg|sop_images/spring_closing/step9_2.jpg
sop,Spring Roadshow Closing List,Devices,Charge both iPads using one power bank and put them into booth storage.,10,sop_images/spring_closing/step10_1.jpg
sop,Spring Roadshow Closing List,Devices,Charge weighing scale using another power bank and put it inside booth storage.,11,
sop,Spring Roadshow Closing List,,Refer to What to close every night? (Booth).,12,
sop,Spring Roadshow Closing List,Chiller,Lock chiller. Refer to How to lock the chiller if needed.,13,
sop,Spring Roadshow Closing List,Display Closing,Arrange display for closing by removing items from the top area.,14,sop_images/spring_closing/step14_1.jpg|sop_images/spring_closing/step14_2.jpg
sop,Spring Roadshow Closing List,Display Closing,Put wooden stirrer and wooden spoon on top of counter top.,15,sop_images/spring_closing/step15_1.jpg
sop,Spring Roadshow Closing List,Display Closing,Put two trays and honey description together on top of booth storage.,16,sop_images/spring_closing/step16_1.jpg
sop,Spring Roadshow Closing List,Display Closing,"Put Jungle House tissue, small rubbish bin, honey description stand, tester cup, and QR code together on top of booth storage.",17,sop_images/spring_closing/step17_1.jpg|sop_images/spring_closing/step17_2.jpg
sop,Spring Roadshow Closing List,,Throw rubbish into the main rubbish bin. Refer to Kuching Booth Closing dustbin check list if needed.,18,
sop,Spring Roadshow Closing List,,Keep own belongings in your shelf and out of sight.,19,
sop,Spring Roadshow Closing List,,Bee Leader must make sure all keys are returned in booth storage.,20,
sop,Spring Roadshow Closing List,,"Lock booth storage, take a photo, and send it into the group.",21,sop_images/spring_closing/step21_1.jpg
sop,Spring Roadshow Closing List,,Block 2 booth exits with chairs before covering the booth.,22,
sop,Spring Roadshow Closing List,,Cover fabric. Refer to Cover Fabric if needed.,23,
sop,Spring Roadshow Closing List,,Take a photo of the covered booth and send it into the group.,24,sop_images/spring_closing/step24_1.jpg
sop,Spring Roadshow Closing List,,Complete Daily Incentive Declaration.,25,
sop,Spring Roadshow Closing List,,Clock out using TimeTec.,26,
sop,Spring Roadshow Opening List,,Clock in using TimeTec.,1,
sop,Spring Roadshow Opening List,,Take photo of the covered fabric of booth and send it to the group.,2,sop_images/spring_opening/step2_1.jpg
sop,Spring Roadshow Opening List,,"Open the covered fabric, fold it, and put it inside the box together with all of the clips.",3,
sop,Spring Roadshow Opening List,,Put the box back to its place.,4,sop_images/spring_opening/step4_1.jpg
sop,Spring Roadshow Opening List,,"Set up the QR code and put back the items on the top area: Premium Wooden Spoon, Wooden Stirrer, and manager name card.",5,
sop,Spring Roadshow Opening List,,Take photo of the locked booth storage.,6,sop_images/spring_opening/step6_1.jpg
sop,Spring Roadshow Opening List,,Unlock the booth storage.,7,
sop,Spring Roadshow Opening List,,Take out the charged weighing scale and check the battery level.,8,
sop,Spring Roadshow Opening List,,"Take out the charged iPad, terminal machine, and iPad stand.",9,
sop,Spring Roadshow Opening List,,Charge the powerbanks.,10,
sop,Spring Roadshow Opening List,Terminal Machine,"Switch on the terminal machine, press the return indicator, then press the Maybank logo indicator to start the terminal.",11,
sop,Spring Roadshow Opening List,Terminal Machine,Charge the terminal machine.,12,
sop,Spring Roadshow Opening List,,Wash both frontend and backend cloths and place them back respectively.,13,
sop,Spring Roadshow Opening List,Chiller,"Get the keys from booth storage to unlock the padlock of the chiller, switch on the LED lighting and chiller lights, put the padlock and rope in the cover fabric box, place the keys back in booth storage after use, keep the chiller clean and clear, and arrange honey juices neatly according to date.",14,
sop,Spring Roadshow Opening List,Devices,Turn on all device power. Refer to What to on every morning and How to switch on the Digital photo frame if needed.,15,
sop,Spring Roadshow Opening List,Shopify POS,"Open Shopify POS app for opening, start the session for iPad, and make sure the printer is connected to start operation of the day. Refer to Receipt printer preparation for opening if needed.",16,
sop,Spring Roadshow Opening List,,"Clean the carpet using vacuum, then throw the dust into the rubbish bin.",17,sop_images/spring_opening/step17_1.jpg
sop,Spring Roadshow Opening List,,"Ensure the table, rack, and product display are dust free by using a duster or vacuum.",18,sop_images/spring_opening/step18_1.jpg
sop,Spring Roadshow Opening List,,Clean the tester of raw honey and prevent it from becoming sticky.,19,
sop,Spring Roadshow Opening List,,Make sure the tester bottle bag and recycle bottle bag are nicely folded.,20,sop_images/spring_opening/step20_1.jpg
sop,Spring Roadshow Opening List,Daily Record Sheet,"Clear the daily record sheet, then write the date of the operating day, individual name and shift, staff’s juice, and honey juice’s date by adding 5 days to the operating day. Make sure the daily record sheet does not fall off and stick it back to its place.",21,sop_images/spring_opening/step21_1.jpg
sop,Spring Roadshow Opening List,,Check on the pre-order area. Remove receipts or notes that are irrelevant. Check with the person in charge if unsure.,22,sop_images/spring_opening/step22_1.jpg
sop,Spring Roadshow Opening List,,Keep honey juice station cleaned. Keep serving tray dry and cleaned. Prepare the honey juice tester.,23,
sop,Spring Roadshow Opening List,,Take a photo of the setup booth.,24,sop_images/spring_opening/step24_1.jpg
sales,Win the Heart Gift Guide,Overview,Special free gifts can be used as bargaining chips to close a deal when a customer is hesitating or to surprise a loyal customer and make them feel valued.,1,
sales,Win the Heart Gift Guide,Role Access,Junior Exec has no access yet. Senior Exec has the highest quota because they are the main sales engine. Team Lead has a limited quota because their role focuses more on leadership and smooth operations.,2,
sales,Win the Heart Gift Guide,Golden Rule,One customer can only receive one gift. Do not stack gifts or mix Gift A and Gift B for the same customer.,3,
sales,Win the Heart Gift Guide,Golden Rule,Free gifts apply only to regular-priced and non-discounted items. Do not use them on items already on sale or under promotion.,4,
sales,Win the Heart Gift Guide,Gift Offer,"For purchases above RM500 on Daily, Premium, and Infused items, customer can receive Free Juice with maximum 2 bottles. Promo code: KCHJUICE. Jungle Bee quota: 20 per month. King Bee quota: 5 per month.",5,
sales,Win the Heart Gift Guide,Gift Offer,"For purchases above RM500 on Daily, Premium, and Infused items, customer can receive Free Mini with maximum 2 jars. Promo code: FDS. Jungle Bee quota: 20 per month. King Bee quota: 5 per month.",6,
sales,Win the Heart Gift Guide,Recording Step,"After giving the gift, staff must immediately log it in the system, select 'Win Customer’s Heart' as the category, and ensure the details are accurate before submitting.",7,
sales,Win the Heart Gift Guide,Reference,Follow the full guide in Gift and Compensation System (Lark Tutorial) if further recording guidance is needed.,8,
sales,Promotion,6 April 2026 to 1 May 2026 - Daily Honey Extension,"Daily Honey promotion: buy any 2 bottles of Daily Honey for 10 percent off, or buy any 3 bottles and above for 15 percent off. Shopify code: N/A - Auto.",1,
sales,Promotion,6 April 2026 to 1 May 2026 - Daily Honey Extension,"Bundle promotion prices: Everyday Wellness Infusion RM530, Happy Tummy Infusion RM550, Beauty Sleep Infusion RM580, Bee Strong RM520, Honey Luxe 1 RM610, Honey Luxe 2 RM610, Hive Essentials RM650, Hive Elite RM1050, Hive Elite 2 RM1050, Hive Elite 3 RM1070, Premium Day and Day RM850, Premium Night and Night RM680, Premium Day and Night RM780. Shopify code: N/A - Auto.",2,
sales,Promotion,27 Feb 2026 to 5 April 2026 - Raya Campaign,"Raya Promo 1: buy any 2 bottles of Daily or Infused Honey for 10 percent off, or any 3 bottles and above for 15 percent off. Shopify code: N/A - Auto.",3,
sales,Promotion,27 Feb 2026 to 5 April 2026 - Raya Campaign,"Raya Promo 2 bundle prices follow the standard bundle list, including Everyday Wellness Infusion RM530, Happy Tummy Infusion RM550, Beauty Sleep Infusion RM580, Bee Strong RM520, Honey Luxe 1 RM610, Honey Luxe 2 RM610, Hive Essentials RM650, Hive Elite RM1050, Hive Elite 2 RM1050, Hive Elite 3 RM1070, Premium Day and Day RM850, Premium Night and Night RM680, and Premium Day and Night RM780. Shopify code: N/A - Auto.",4,
sales,Promotion,27 Feb 2026 to 5 April 2026 - Raya Campaign,Raya Promo 3: spend RM180 and above in a single receipt to get 1 pack of Raya Green Packet. Shopify code: N/A.,5,
sales,Promotion,27 Feb 2026 to 5 April 2026 - Raya Campaign,"Raya Promo 4 purchase with purchase: with any Jungle House product purchase, member can buy 1 Honey With Joy at RM40 or 1 Signature Honey Variety Pack at RM100. Limit one time purchase only per membership. Codes: RAYAHWJ and RAYASHVP. Promo 4 and Promo 5 can proceed in the same bill.",6,
sales,Promotion,27 Feb 2026 to 5 April 2026 - Raya Campaign,Raya Promo 5: Jungle Juice buy 1 and get the second at 50 percent off. Limit one time per day per member. Redemption is only from 8am to 6pm. Promotion period for this juice offer is 27 February 2026 until 19 March 2026. Code: RAYAJUICE.,7,
sales,Promotion,5 Jan 2026 to 26 Feb 2026 - CNY Campaign,CNY Promo 1: buy 3 Daily and get total bill 15 percent off plus CNY 3 Daily Box. Shopify code: N/A - Auto.,8,
sales,Promotion,5 Jan 2026 to 26 Feb 2026 - CNY Campaign,CNY Promo 2 bundle prices follow the standard bundle list. Shopify code: N/A - Auto.,9,
sales,Promotion,5 Jan 2026 to 26 Feb 2026 - CNY Campaign,CNY Promo 3: spend RM1000 and above in a single receipt to get 1 free Guardian Bee Plushie. Code: FBT.,10,
sales,Promotion,5 Jan 2026 to 26 Feb 2026 - CNY Campaign,"CNY Promo 4 Hamper prices are RM188, RM298, RM428, and RM588, with around 23 percent to 30 percent savings compared to retail price. Shopify code: N/A - Auto.",11,
sales,Promotion,3 Oct 2025 to 4 Jan 2026,"Promo 1 Double the Joy: buy Daily or Infuse Series, excluding Premium and Squeezy, and get the second bottle at 25 percent off for the equal or lower value item. Shopify code: N/A - Auto.",12,
sales,Promotion,3 Oct 2025 to 4 Jan 2026,Promo 2 bundle prices follow the standard bundle list. Shopify code: N/A - Auto.,13,
sales,Promotion,3 Oct 2025 to 4 Jan 2026,Promo 3: spend RM1000 and above in a single receipt to get 1 free Guardian Bee Plushie. Code: FBT.,14,
sales,Promotion,3 Oct 2025 to 4 Jan 2026,"Promo 4 Gift: Buy 5 Free 1 applies to Snowy Bubbles Series, Honey With Joy, Royale Beauty, Honey Sunshine with Soap, and Honey Sunshine with Tea. Buy 4 Free 1 applies to Signature Honey Variety Pack and Honey Discovery Premium Collection. The system deducts the lowest price, so it is better to suggest the customer choose the same products. Shopify code: N/A - Auto.",15,
sales,Promotion,22 Sep 2025 to 1st week October 2025 - Obsolete,"Obsolete bundle list: Bee Strong RM520, Honey Luxe RM610, Hive Essentials RM650, Hive Elite RM1050, Day and Day RM850, Night and Night RM680, and Day and Night RM780.",16,
sales,Promotion,25 Aug 2025 to 21 Sep 2025 - National Day Campaign,"Promo 1 Double the Joy: buy Daily or Infuse Series, excluding Premium and Squeezy, and get the second bottle at 25 percent off for the equal or lower value item.",17,
sales,Promotion,25 Aug 2025 to 21 Sep 2025 - National Day Campaign,"Promo 2 Spend and Get Reward: spend RM500 and above in a single receipt. Retail gets free 4 bottles of Jungle Juice assorted honey type, and online gets free HWJ.",18,
sales,Promotion,25 Aug 2025 to 21 Sep 2025 - National Day Campaign,"Bundle list includes Bee Strong, Honey Luxe, Hive Essentials, Hive Elite, Day and Day, Night and Night, and Day and Night. Focus message: Celebrate Merdeka – 2nd Bottle 25 percent off plus Free Jungle Juice.",19,
sales,Promotion,4 Aug 2025 to 24 Aug 2025,Honey Juice promotion: buy 3 free 1.,20,
sales,Promotion,4 Aug 2025 to 24 Aug 2025,"Total bill discount: spend above RM300 for 10 percent off, spend above RM500 for 15 percent off, and spend above RM1000 for 20 percent off.",21,
sales,Promotion,4 Aug 2025 to 24 Aug 2025,"Important notes: RM1000 spend can use the 20 percent discount like corporate sales buy 100 units. If customer buys 4 honey juices and reaches RM300, system may not detect buy 3 free 1 and may count it as 4 juice bottles plus product with 10 percent off. Save code hellobee10 and try to promote customer to buy RM300 to get 10 percent off. Member points converted to voucher do not affect the discount. If customer spends above RM500 and gets 15 percent off, the 4 bottle honey juices can be included and treated as buy 3 free 1. If Jungle Dazzle is included and price detects as RM230, deduct the percentage instead of using RM200 promotion price.",22,
sales,Promotion,19 May 2025 to 3 Aug 2025 - World Bee Day,"Gawai Special Set A Begulai Lantang at RM880.80, Set B Nyamut Gawea at RM456.45, and Set C Doras Isok at RM274.50, each with listed bundled items and discounted totals.",23,
sales,Promotion,19 May 2025 to 3 Aug 2025 - World Bee Day,"Honey Juice promotion: buy 3 free 1. Total bill discount: spend above RM300 for 10 percent off, above RM500 for 15 percent off, and above RM1000 for 20 percent off.",24,
sales,Promotion,19 May 2025 to 3 Aug 2025 - World Bee Day,Important notes follow the same spending and honey juice handling notes shown in the August 2025 promotion screenshots.,25,
sales,Promotion,21 Apr 2025 to 18 May 2025,Honey Juice promotion: buy 3 free 1.,26,
sales,Promotion,21 Apr 2025 to 18 May 2025,Raw Honey Parent’s Day promotion: Daily or Premium Royal Black and Daily or Premium Royal White buy the second item at 30 percent off.,27,
sales,Promotion,Feb 2025,General promotion: over RM500 free bee bottle and over RM100 free Raya packet.,28,
sales,Promotion,Feb 2025,Honey Juice promotion: buy 3 free 1.,29,
sales,Promotion,Feb 2025,Raw Honey promotion: new member first purchase gets 10 percent discount. Buy any 2 total bill gets 10 percent discount. Buy any 3 total bill gets 15 percent discount.,30,
sales,Promotion,Feb 2025,Premium Royal Black and Royal White promotion: buy combinations shown and get 1 free Daily under RM200. Gift items include SHVP RM99 and HDPC RM165.,31,
sales,Promotion,Jan 2025,Honey Juice promotion: buy 3 free 1.,32,
sales,Promotion,Jan 2025,Raw Honey promotion: buy 2 Daily and get 10 percent auto discount plus Double Happiness Box. Buy 3 Daily and get 15 percent auto discount plus Triple Abundance Box.,33,
sales,Promotion,Jan 2025,Day and Night offer: buy 1 Premium Royal Black plus Premium Royal White and get free Daily Honey below RM200. Day and Day: buy 2 Premium Royal Black and get free Daily Honey below RM200. Night and Night: buy 2 Premium Royal White and get free Daily Honey below RM200.,34,
sales,Promotion,Jan 2025,"Additional Jan 2025 promotion: sign up as a member to get a 10 percent Raw Honey discount voucher, buy SHVP and get second item at RM88 auto discount, CNY hamper promotion at RM188 and RM288, RM500 free soft toy, and RM200 free angpao packet.",35,
notice,Lab Report in Website - temporarily removed,Reason,The previous lab report on the Jungle House website has been temporarily removed.,1,
notice,Lab Report in Website - temporarily removed,Reason,"Jungle House is currently applying for HALAL, GMP, MeSTI, and HACCP certifications, and there will be an audit by the authorities this month.",2,
notice,Lab Report in Website - temporarily removed,Reason,"Updated lab test requirements were received during the preparation process, so the lab tests will be redone based on the latest requirements.",3,
notice,Lab Report in Website - temporarily removed,Customer Reply,"If customers ask why the lab report is no longer on the website, explain that it was temporarily removed for updating purposes.",4,
notice,Lab Report in Website - temporarily removed,Customer Reply,"Explain that Jungle House is currently preparing for HALAL, GMP, MeSTI, and HACCP certification audits.",5,
notice,Lab Report in Website - temporarily removed,Customer Reply,"Explain that new lab testing is being conducted based on the latest authority requirements, and the updated report will be uploaded once completed.",6,
product,Golden Passion Honey (New Product),Core Message,"Natural support for sleep, stress, and digestion.",1,
product,Golden Passion Honey (New Product),Key Benefits,Customer-friendly key benefits reference image for Golden Passion Honey.,2,product_images/golden_passion_honey/key_benefits_1.png
product,Golden Passion Honey (New Product),Functional Positioning,"Golden Passion Honey is a functional honey focused on sleep support, stress relief, and gut health.",3,
product,Golden Passion Honey (New Product),Key Selling Points,Golden Passion Honey contains GABA and melatonin-related properties to support sleep.,4,
product,Golden Passion Honey (New Product),Key Selling Points,Its flavonoids support relaxation.,5,
product,Golden Passion Honey (New Product),Key Selling Points,Its natural enzymes support digestion.,6,
product,Golden Passion Honey (New Product),Key Selling Points,Its polyphenols and Vitamin C support immunity.,7,
product,Golden Passion Honey (New Product),Target Customers,Sleep Issues: Helps you relax and sleep better naturally.,8,
product,Golden Passion Honey (New Product),Target Customers,Stress / Burnout: Helps your body stay calm and cope better.,9,
product,Golden Passion Honey (New Product),Target Customers,Students (Exams): Helps you stay calm and focused.,10,
product,Golden Passion Honey (New Product),Target Customers,Busy Parents: Helps you unwind after a long day.,11,
product,Golden Passion Honey (New Product),Target Customers,Digestive Issues: Supports your gut and reduces discomfort.,12,
product,Golden Passion Honey (New Product),Target Customers,Passion Fruit Lovers: Easy recommendation based on taste preference.,13,
product,Golden Passion Honey (New Product),Target Customers,Customers Asking for Recommendation: Default suggest Golden Passion.,14,
product,Golden Passion Honey (New Product),Product Overview,Product overview reference image for Golden Passion Honey.,15,product_images/golden_passion_honey/product_overview_1.png
product,Golden Passion Honey (New Product),Product Overview,Nectar Source: Passion Flower (Monofloral).,16,
product,Golden Passion Honey (New Product),Product Overview,"Origin: Garut, West Java, Indonesia.",17,
product,Golden Passion Honey (New Product),Product Overview,Type: Farm honey.,18,
product,Golden Passion Honey (New Product),Product Overview,Taste: Light floral with slight sourness.,19,
notice,How shifts arrangements are given,Overview,"This guide explains how shifts are assigned, why some staff get more shifts than others, and how SP (Shift Priority) affects scheduling.",1,
notice,How shifts arrangements are given,Shift Assignment Overview,"Shifts are assigned based on SP (Shift Priority), operational needs, and team balance.",2,
notice,How shifts arrangements are given,Shift Assignment Overview,"Each working day consists of one full shift up to 8 hours. Half Morning is 9:30 AM to 1:30 PM, Morning is 9:30 AM to 6:30 PM, Half Afternoon is 1:00 PM to 6:00 PM, Afternoon is 1:00 PM to 10:00 PM, and Evening is 6:00 PM to 10:00 PM.",3,
notice,How shifts arrangements are given,Shift Assignment Overview,Staff will not be scheduled from morning until night unless approved by the Team Lead for operational reasons.,4,
notice,How shifts arrangements are given,Shift Assignment Overview,"The lower your SP, the more likely you are to get desirable shifts and more work opportunities.",5,
notice,How shifts arrangements are given,Understanding SP,"A lower SP means higher priority status and first access to desirable shifts. A higher SP means lower priority status, fewer shifts, or less flexibility.",6,
notice,How shifts arrangements are given,The 4 Pillars of SP,"Operational Performance: staff who can handle both front-of-house and backend tasks become more versatile and more useful for different shifts, which helps lower SP.",7,
notice,How shifts arrangements are given,The 4 Pillars of SP,Commitment Volatility: frequent shift amendments or last-minute changes increase management cost and push SP higher.,8,
notice,How shifts arrangements are given,The 4 Pillars of SP,"Management and Training Cost: learning quickly, following instructions, and avoiding repeated mistakes helps keep SP lower.",9,
notice,How shifts arrangements are given,The 4 Pillars of SP,Team Lead Selection: being selected as a Team Lead shows reliability and capability and gives maximum priority for future shifts.,10,
notice,How shifts arrangements are given,Pro-Tip,Reliability plus versatility leads to the best shifts. Staff should aim to be the go-to person who can handle tasks without repeated guidance.,11,
notice,How shifts arrangements are given,How Shifts Are Assigned,"Draft Schedule: prepared based on SP, availability, and operational requirements. Staff may adjust availability before finalization.",12,
notice,How shifts arrangements are given,How Shifts Are Assigned,"Finalized Schedule: once locked, it must be followed. Changes after finalization require Team Lead approval through the Shift Amendment Form.",13,
notice,How shifts arrangements are given,How Shifts Are Assigned,Staff must check the availability sheets regularly. Sheet location: Wiki homepage to Time Availability Excel Sheets.,14,
notice,How shifts arrangements are given,Key Responsibilities,Be reliable and arrive for scheduled shifts on time.,15,
notice,How shifts arrangements are given,Key Responsibilities,Keep your availability updated.,16,
notice,How shifts arrangements are given,Key Responsibilities,Communicate issues early. Last-minute changes are discouraged.,17,
notice,How shifts arrangements are given,Key Responsibilities,Understand that operations come first and flexibility is essential.,18,
notice,How shifts arrangements are given,Key Responsibilities,Follow instructions carefully to minimize errors.,19,
notice,How shifts arrangements are given,SP Summary,"Your shifts reflect your performance, accountability, and contribution.",20,
notice,How shifts arrangements are given,SP Summary,"Strong performers get more opportunities, while poor performance reduces shifts and flexibility.",21,
notice,How shifts arrangements are given,SP Summary,"SP is dynamic and reviewed regularly, so consistent improvement matters.",22,
notice,Bee Point Policy – Crew Member Guideline,Core Principle,"The Bee Point system is for paid transactions only. No payment means no points, and payment means the transaction is eligible for points.",1,
notice,Bee Point Policy – Crew Member Guideline,Customer Mechanism,"Customers buy juice, return bottles, earn Bee Points, and redeem rewards. This creates a purchase, return, and reward loop.",2,
notice,Bee Point Policy – Crew Member Guideline,Crew Member Rules,Crew members cannot earn Bee Points when the drink was taken as a free staff entitlement or when the bottle comes from non-paid consumption.,3,
notice,Bee Point Policy – Crew Member Guideline,Crew Member Rules,"This rule prevents double dipping, where someone gets a free drink and also claims points from it.",4,
notice,Bee Point Policy – Crew Member Guideline,Allowed Strict Condition,"Crew members can earn Bee Points only if they personally paid for the drink, the transaction is recorded like a normal customer sale, and the returned bottle comes from that paid purchase.",5,
notice,Bee Point Policy – Crew Member Guideline,Allowed Strict Condition,"When those strict conditions are met, the crew member is treated as a customer, not staff.",6,
notice,Bee Point Policy – Crew Member Guideline,Crew Drink Entitlement,"Crew members are allowed a free drink based on company policy, for example 1 per day.",7,
notice,Bee Point Policy – Crew Member Guideline,Crew Drink Entitlement,Bottles from free drinks cannot be used for Bee Points.,8,
notice,Hari Raya Aidilfitri Public Holiday – Retail (2026),Overview,"Based on the government announcement dated 15 March 2026, the Hari Raya public holiday schedule varies depending on the official date of Hari Raya.",1,
notice,Hari Raya Aidilfitri Public Holiday – Retail (2026),Scenario 1,"If Hari Raya falls on Friday 20 March 2026, then 20 March 2026 is Hari Raya Day 1, 21 March 2026 is Hari Raya Day 2, 23 March 2026 is Additional Public Holiday plus Johor Sultan’s Birthday for Johor only, and 24 March 2026 is the replacement holiday for Johor only.",2,
notice,Hari Raya Aidilfitri Public Holiday – Retail (2026),Scenario 2,"If Hari Raya falls on Saturday 21 March 2026, then 20 March 2026 is Additional Public Holiday, 21 March 2026 is Hari Raya Day 1, 23 March 2026 is Johor Sultan’s Birthday for Johor only, and 24 March 2026 is the replacement holiday for Hari Raya Day 2 for Johor only.",3,
notice,Hari Raya Aidilfitri Public Holiday – Retail (2026),Key Notes,The 23 and 24 March holidays apply to Johor only. Retail staff must follow the final roster arrangement by management. The Additional Public Holiday depends on the confirmed actual Hari Raya date.,4,
notice,Hari Raya Aidilfitri – Dress Code,Policy,Staff are allowed to wear baju raya during Hari Raya Aidilfitri.,1,
notice,Hari Raya Aidilfitri – Dress Code,Policy,"Attire must remain neat, clean, professional, and suitable for customer-facing roles.",2,
notice,Hari Raya Aidilfitri – Dress Code,Guidelines,Avoid overly flashy or inappropriate outfits. Avoid clothing that restricts movement during work.,3,
notice,Hari Raya Aidilfitri – Dress Code,Guidelines,Ensure the outfit is comfortable for shift duties and does not affect service performance.,4,
notice,Hari Raya Aidilfitri – Dress Code,Responsibility,All staff must follow the dress guidelines.,5,
notice,Hari Raya Aidilfitri – Dress Code,Responsibility,Team Leader must ensure team members comply with professional standards.,6,
notice,Hari Raya Aidilfitri – Dress Code,Notes,Celebration should not affect service quality. Maintain Jungle House brand image at all times.,7,
notice,Kuching incentive data submission,Overview,"To keep the incentive system fair, transparent, and smooth for everyone, crew members must follow the submission guidelines carefully. Precision and honesty are essential.",1,
notice,Kuching incentive data submission,Overview,Crew members must refer to the final sales report PDF when filling in their incentive declaration. The 10PM sales update is only a snapshot and extra transactions may still happen after that time.,2,
notice,Kuching incentive data submission,Sample,Sample final sales report reference image for incentive declaration.,3,notice_images/kuching_incentive_data_submission/final_sales_report_sample_1.png
notice,Kuching incentive data submission,When to Submit,All incentive declarations must be completed within 24 hours. The clock starts at 10:00 PM on the day of the shift.,4,
notice,Kuching incentive data submission,When to Submit,"Late submissions are not allowed. After the 24-hour window, the system locks and the crew member can no longer fill in the data.",5,
notice,Kuching incentive data submission,Submission Guidelines,Submission is not required if the crew member did not have a shift that day or has no incentive points to declare.,6,
notice,Kuching incentive data submission,Submission Guidelines,All incentive data must be keyed in with extra care and full attention.,7,
notice,Kuching incentive data submission,Accuracy and Integrity,"No re-keying is allowed. If the wrong date or wrong details are entered, the incentive is forfeited for that day because the system does not allow corrections.",8,
notice,Kuching incentive data submission,Accuracy and Integrity,"Crew members should regularly double check their entries. If mistakes are discovered, Eno must be informed immediately.",9,
notice,Kuching incentive data submission,Accuracy and Integrity,"There is zero tolerance for cheating. Any attempt to manipulate the system results in losing the entire month’s incentive, and serious cases may lead to a formal warning or a police report.",10,
notice,Kuching incentive data submission,Accuracy and Integrity,Reliability matters. Repeated or careless errors may lead to losing your weekly incentive and raise concerns about your professionalism.,11,
notice,Kuching incentive data submission,Why This Matters,Accuracy is a reflection of your integrity. Attention to detail is how trust is built with each other.,12,
notice,Kuching incentive data submission,Why This Matters,Let’s make sure every point earned is truly deserved.,13,
notice,Kuching incentive data submission,Why This Matters,It’s awesome bee-ing with you!,14,
notice,PUBLIC HOLIDAY 2026,Overview,HR Notice and Memo Retail reference page for Public Holiday 2026.,1,
notice,PUBLIC HOLIDAY 2026,Reference Image,Public Holiday 2026 reference image page 1.,2,notice_images/public_holiday_2026/page_1.jpg
notice,PUBLIC HOLIDAY 2026,Reference Image,Public Holiday 2026 reference image page 2.,3,notice_images/public_holiday_2026/page_2.jpg
notice,PUBLIC HOLIDAY 2026,Related Question,Got double or triple pay ah ?,4,
notice,Do not open raw honey tester without permission.,Notice,A quick but important note regarding Raw Honey Testers.,1,
notice,Do not open raw honey tester without permission.,Authorization,Only the Manager and Backend Team Lead are authorized to open new raw honey testers.,2,
notice,Do not open raw honey tester without permission.,Instruction,"If a new tester is needed, staff must check with the Manager or Backend Team Lead first.",3,
notice,Do not open raw honey tester without permission.,Purpose,This rule helps the team manage inventory and product quality better.,4,
notice,Purple lavender out of stock,Stock Status,Purple Lavender is currently out of stock.,1,
notice,Purple lavender out of stock,Customer Handling,"To manage customer expectations smoothly, the samples for this item have been kept away until further notice.",2,
notice,Purple lavender out of stock,Recommendation,Please guide customers to try other sweet floral options in the meantime.,3,
notice,Free wooden stirrer,Current Update,"As of 2 January 2026, each Daily Honey purchase will get 1 wooden stirrer for free.",1,
notice,Free wooden stirrer,Obsolete Update,The older August 2025 notice saying there is no more free wooden stirrer is obsolete.,2,
notice,Free wooden stirrer,Related Question,Complimentary gift.,3,
notice,Mask and Badge,Amendment,Amendment of words in the picture: Get approval from Backend Team Leads before you take anything from this box.,1,
notice,Mask and Badge,Reference Image,Mask and Badge reference image.,2,notice_images/mask_and_badge/reference_1.jpg
notice,Proper way to stack HDPC,Correct Method,Stack up right.,1,notice_images/proper_way_to_stack_hdpc/stack_up_right.jpg
notice,Proper way to stack HDPC,Wrong Method,Do not stack flat.,2,notice_images/proper_way_to_stack_hdpc/stack_flat.jpg
notice,Proper way to stack HDPC,Reason,Stack flat will damage the box.,3,
notice,Price for new packaging for HWJ and SHVP,Price Update,No price change even with new packaging starting from 1 November 2025.,1,
notice,Price for new packaging for HWJ and SHVP,Selling Rule,"When new packaging arrives, old and new packaging may be sold concurrently.",2,
notice,Price for new packaging for HWJ and SHVP,Selling Rule,Old packaging follows the same existing price.,3,
notice,Price for new packaging for HWJ and SHVP,Selling Rule,New packaging follows the new price.,4,
notice,Customer signature for card payment,Card Payment Rule,Only Merchant copy needs to be signed by the customer.,1,notice_images/customer_signature_for_card_payment/step1_1.jpg
notice,Customer signature for card payment,Comparison,No customer signature is needed for the other copy shown in the comparison.,2,notice_images/customer_signature_for_card_payment/step2_1.jpg
notice,Eating inside the store is strictly prohibited,Warning,Eating inside the store is strictly prohibited.,1,
notice,Eating inside the store is strictly prohibited,Disciplinary Action,Anyone who fails to follow this rule will face disciplinary action.,2,
notice,Emergency Guide – Responding to Danger or Harassment,Safety First,Your safety always comes first if you face a dangerous situation or harassment.,1,
notice,Emergency Guide – Responding to Danger or Harassment,Stay Away,Keep away or stay at a safe distance from any place or situation that feels or looks dangerous.,2,
notice,Emergency Guide – Responding to Danger or Harassment,Stay Away,No task is more important than your safety.,3,
notice,Emergency Guide – Responding to Danger or Harassment,"Call, Don't Text","Immediately call your Team Lead, especially the one who gave you the task.",4,
notice,Emergency Guide – Responding to Danger or Harassment,"Call, Don't Text","If unreachable, call another Team Lead.",5,
notice,Emergency Guide – Responding to Danger or Harassment,"Call, Don't Text","If still unreachable, call the Manager.",6,
notice,Emergency Guide – Responding to Danger or Harassment,"Call, Don't Text",Calling is faster than texting in emergencies and helps protect you and business operations.,7,
notice,Emergency Guide – Responding to Danger or Harassment,Contact Numbers,Bee Leader: 012-808 3256,8,
notice,Emergency Guide – Responding to Danger or Harassment,Contact Numbers,Backend Team Lead: 012-234 0380,9,
notice,Emergency Guide – Responding to Danger or Harassment,Contact Numbers,Manager (Eno): 016-80 80 380,10,
notice,Emergency Guide – Responding to Danger or Harassment,Evidence,"If safe to do so, record what is happening.",11,
notice,Emergency Guide – Responding to Danger or Harassment,Evidence,"Take videos, photos, or notes to help protect yourself and the team.",12,
notice,Emergency Guide – Responding to Danger or Harassment,Reminder,Your life and safety come before work. Always.,13,
notice,Fake Jungle House,Scam Alert,Fake Jungle House is a scam.,1,notice_images/fake_jungle_house/1000093964.jpg
notice,Bee Points: Redeem Only When Needed,Redemption Rule,Please redeem customer Bee Points only when the customer is ready to use them.,1,
notice,Bee Points: Redeem Only When Needed,Warning,Any points redeemed but not used will be considered burned and cannot be reversed.,2,
notice,Bee Green 15,Sales Tactic,Use Bee Green 15 while the customer returns the bottle.,1,notice_images/bee_green_15/image.png
notice,OT Submission Reminder,Submission Rule,OT (Overtime) must be applied on the same day it occurs.,1,
notice,OT Submission Reminder,Submission Rule,Late submissions will not be accepted moving forward.,2,
notice,OT Submission Reminder,Manager Notice,Please inform your Manager before the end of the day if you have worked beyond your scheduled hours.,3,
notice,OT Submission Reminder,Reminder,Help keep the process smooth and fair for everyone.,4,
notice,Do not Block The Chiller,Importance,The chiller is one of the most important lightbox displays and plays a key role in drawing customer attention.,1,
notice,Do not Block The Chiller,Reminder,Please make sure the chiller remains fully visible at all times and is never blocked.,2,notice_images/do_not_block_the_chiller/temp_image_1753088201522.jpg
notice,Place Tissue on Cold drinks,Reminder,All cold drinks are required to at least place a piece of tissue paper to protect our furniture.,1,notice_images/place_tissue_on_cold_drinks/sample_image.jpg
notice,Can not use KB/QB IDs to check customer history,Access Rule,Staff are no longer permitted to use KB/QB (cashier) IDs to check customer history.,1,notice_images/can_not_use_kb_qb_ids_to_check_customer_history/reference_image.jpg
notice,Can not use KB/QB IDs to check customer history,Access Rule,This function has now been enabled for staff IDs to ensure continued access where necessary.,2,
notice,Can not use KB/QB IDs to check customer history,Reason,This change is implemented to prevent misuse of manager-level (KB/QB) access and to maintain proper system accountability.,3,
notice,What is the best answer for client asking how much Honey we are using for our honey Juice?,Suggested Answer,You can show our Muji box and say our recommendation is 30gm honey mixed with 250gm water.,1,
notice,What is the best answer for client asking how much Honey we are using for our honey Juice?,Suggested Answer,"Depending on how sweet the customer prefers, they may adjust accordingly.",2,
notice,What is the best answer for client asking how much Honey we are using for our honey Juice?,Confidential Rule,No need to tell customers the actual recipe for the juices.,3,
notice,Hygiene Compliance Notice – Juice Making (Effective Immediately),Mandatory Practice,All staff must wear gloves and a face mask during any juice preparation process.,1,
notice,Hygiene Compliance Notice – Juice Making (Effective Immediately),Penalty for Non-Compliance,"If any staff is found not wearing gloves or a mask while making juice, the entire store will face a RM200 commission penalty for that month.",2,
notice,Hygiene Compliance Notice – Juice Making (Effective Immediately),Effective Date,This rule is effective immediately from 26 Jun 2025.,3,
notice,Cashless,Cash Rule,Only King Bee and Bee Leader can decide whether or not to accept cash transactions.,1,
notice,Morning Shift Attendance Responsibility & Penalty Notice,Memo Reference,Refer to the memo PDF titled 'Memo - Morning Shift Attendance Responsibility & Penalty Notice' for the full attendance responsibility and penalty details.,1,notice_images/morning_shift_attendance_responsibility_penalty_notice/reference_image.jpg
sop,New Bee 3rd day Check List,,Learn another 3 type of Honey from the website.,1,
sop,New Bee 3rd day Check List,,Send the name of 3 type of Honey to Eno Wong.,2,
sop,New Bee 3rd day Check List,,Learn the major 3 benefits for each Honey.,3,
sop,New Bee 3rd day Check List,,Learn the origin for each Honey.,4,
sop,New Bee 3rd day Check List,,"Send this message to Eno Wong: Hi Eno, today is my 3rd day on Wanna Bee shift.",5,
sop,New Bee 3rd day Check List,,Study Proper way to stack HDPC.,6,
sop,New Bee 3rd day Check List,,Get yourself level up by study these documents in Doraemon Pocket.,7,sop_images/new_bee_3rd_day_check_list/step7_1.jpg
sop,New Bee 3rd day Check List,,Study the pre-order and product or juice redemption process. Review JHKC Pre-Order SOP.,8,
sop,New Bee 3rd day Check List,,Study the Cashier Payment and Product Verification process. Review Cashier Payment & Product Verification SOP.,9,
sop,New Bee 3rd day Check List,,"On your 10th day, continue with New Bee 10th Day Check List.",10,
sop,New Bee 1st day Check List,,Be early and arrive at least 30 minutes ahead.,1,
sop,New Bee 1st day Check List,,Put on uniform. Refer to Standard Dress code.,2,
sop,New Bee 1st day Check List,,Connect to Jungle House wifi.,3,
sop,New Bee 1st day Check List,,"Open TimeTEC app. Press Clocking, then press Clocking type.",4,sop_images/new_bee_1st_day_check_list/step4_1.jpg
sop,New Bee 1st day Check List,,Choose Clock in.,5,sop_images/new_bee_1st_day_check_list/step4_2.jpg
sop,New Bee 1st day Check List,,Press the Wifi logo.,6,sop_images/new_bee_1st_day_check_list/step4_3.jpg
sop,New Bee 1st day Check List,,"Complete the TimeTEC clock-in end result. If it fails, refer to Wifi Clocking fail.",7,sop_images/new_bee_1st_day_check_list/step4_4.jpg
sop,New Bee 1st day Check List,,"Study cashier skills: How to use Credit Card Machine, Cashier SOP, and Cashier Payment & Product Verification SOP.",8,
sop,New Bee 1st day Check List,,Take a photo with uniform.,9,sop_images/new_bee_1st_day_check_list/step6_1.jpg
sop,New Bee 1st day Check List,,"Send your intro message to the Main Chat Group (JH14 - Kuching AJSB). Include your name, favourite honey so far, what you want to level up in, and an optional fun fact.",10,
sop,New Bee 1st day Check List,,Get to know your Bee Buddy.,11,
sop,New Bee 1st day Check List,,"Take a selfie with your Bee Buddy and Bee Leader if they are on the same shift, then send it to the Main Chat Group.",12,sop_images/new_bee_1st_day_check_list/step7_1.jpg
sop,New Bee 1st day Check List,,"For technical questions, follow this answer sequence: Wiki, Bee Leader and Backend Team Lead, Bee Buddy, Eno (Manager), then other colleagues.",13,
sop,New Bee 1st day Check List,,Learn how to check and see your shift.,14,
sop,New Bee 1st day Check List,,Learn another 3 Honey knowledge items from the company web page and send the names of the 3 Honey you will start to learn to Eno Wong.,15,
sop,New Bee 1st day Check List,,Learn how to stack HDPC in a proper way.,16,
sop,New Bee 1st day Check List,,Check the Super Duper Important Notes.,17,sop_images/new_bee_1st_day_check_list/step10_1.jpg
sop,New Bee 1st day Check List,,"On your 3rd day, continue with New Bee 3rd day Check List.",18,
sop,Wanna-Bee onboarding Check list,Reminder,Follow the onboarding sequence and do not skip the order of the checklist.,1,sop_images/wanna_bee_onboarding_check_list/step1_1.jpg
sop,Wanna-Bee onboarding Check list,Download and install,Download and install JHKC Doraemon Pocket.,2,
sop,Wanna-Bee onboarding Check list,Download and install,"Add JHKC Doraemon Pocket to Home Screen and check the end result. If the result is different, delete it and follow How to Install JHKC Doraemon Pocket.",3,sop_images/wanna_bee_onboarding_check_list/step3_1.jpg
sop,Wanna-Bee onboarding Check list,Download and install,Send “1/4 JHKC Wiki Installation completed” to the person who is taking care of your onboarding.,4,
sop,Wanna-Bee onboarding Check list,Join Google Group,Join the JHKC Crew Google Group.,5,sop_images/wanna_bee_onboarding_check_list/step5_1.jpg|sop_images/wanna_bee_onboarding_check_list/step5_2.jpg
sop,Wanna-Bee onboarding Check list,Join Google Group,Send message to Eno: “2/4 Request for Google group join approval”.,6,
sop,Wanna-Bee onboarding Check list,Join Whatsapp group,Join the JH 14 - Kuching AJSB WhatsApp group and the JHkch Schedule WhatsApp group. Update your availability working day and time.,7,
sop,Wanna-Bee onboarding Check list,Ground rules,Read the company ground rules document.,8,
sop,Wanna-Bee onboarding Check list,Setup Shopify account,Send “3/4 My Shopify Login Number - XXXX” to Eno.,9,
sop,Wanna-Bee onboarding Check list,Setup Shopify account,"XXXX is the 4 digit number you want for your Shopify account login. If your choice may already be taken, provide a second option.",10,
sop,Wanna-Bee onboarding Check list,Payment info,"Send your payment info to Eno Wong: IC Name, IC number, Bank, and Bank account number.",11,
sop,Wanna-Bee onboarding Check list,Visit Jungle House Kuching Wiki,"Train to use the search function: click the upper right 3 line menu, click Search, then key in the keyword. If you cannot get the answer, send the question to Eno Wong through WhatsApp.",12,sop_images/wanna_bee_onboarding_check_list/step12_1.jpg|sop_images/wanna_bee_onboarding_check_list/step12_2.jpg|sop_images/wanna_bee_onboarding_check_list/step12_3.jpg
sop,Wanna-Bee onboarding Check list,Visit Jungle House Kuching Wiki,Search and study Dress Code. Take good care of the uniform that is entrusted to you. Refer to Missing Uniform if needed.,13,
sop,Wanna-Bee onboarding Check list,Visit Jungle House Kuching Wiki,Send “4/4 Dress Code study completed” to the person who is taking care of your onboarding.,14,
sop,Wanna-Bee onboarding Check list,Visit Jungle House Kuching Wiki,"Study cashier topics: How to use Credit Card Machine, Cashier SOP, and Cashier Payment & Product Verification SOP.",15,
sop,Wanna-Bee onboarding Check list,Visit Jungle House Kuching Wiki,Study Opening and Closing Checklist: JHKC Kiosk Opening and Kiosk Closing Check List.,16,
sop,Wanna-Bee onboarding Check list,Add Team Leader contact,Add Bee Leader Contact and Backend Team Lead Contact.,17,
sop,Wanna-Bee onboarding Check list,Availability,Update your availability working day and time by following Crew Availability Guide: How to Declare Your Working Days.,18,
sop,Wanna-Bee onboarding Check list,Availability,Do not request access permission first. You can only access the document once Eno confirms your Google Group join request has been approved.,19,
sop,Wanna-Bee onboarding Check list,Availability,"After updating, inform Bee Leader using: “Hi Bee Leader, I’m XXXX, I have updated my availability from dd/mm/yyyy - dd/mm/yyyy”.",20,
sop,Wanna-Bee onboarding Check list,Uniform,"Contact Backend Team Lead and check on your uniform. Sample message: Hi Backend Team Lead, I'm XXX, may I know I'll be using which uniform?",21,
sop,Wanna-Bee onboarding Check list,Portrait,Send one of your ultra handsome or super pretty portraits to Eno for your crew intro in the team chat.,22,
sop,Wanna-Bee onboarding Check list,Announcement,Wait for the announcement of your arrival to the team and your Bee Buddy. Remind Eno if you do not get the announcement in the chat group 12 hours before your shift.,23,
sop,Wanna-Bee onboarding Check list,Before first day,Study the document before your 1st day: Wanna Bee Day 1.,24,
